model_name	dataset	comparison	metric	n_matched_seeds	random_mean	random_sd	shifted_mean	shifted_sd	delta_mean	delta_sd	upstream_source
DLST-MDA	DLST-native	random_minus_drug_cold	AUROC	25	0.9316735491541116	0.0027567951922653528	0.613706615317761	0.10328327428803935	0.3179669338363505	0.10310383402570376	outputs/paper1_data_refresh_20260710/PAPER1_7MODEL_RAW_SEED_METRICS.tsv
DLST-MDA	DLST-native	random_minus_mirna_cold	AUROC	25	0.9316735491541116	0.0027567951922653528	0.9310287998059348	0.006026831403092506	0.0006447493481767497	0.007225554710418955	outputs/paper1_data_refresh_20260710/PAPER1_7MODEL_RAW_SEED_METRICS.tsv
DLST-MDA	DLST-native	random_minus_scaffold_cold	AUROC	25	0.9316735491541116	0.0027567951922653528	0.5800497496169061	0.0752846420206355	0.3516237995372054	0.07495016061806968	outputs/paper1_data_refresh_20260710/PAPER1_7MODEL_RAW_SEED_METRICS.tsv
DLST-MDA	DLST-native	random_minus_strict_cold	AUROC	25	0.9316735491541116	0.0027567951922653528	0.5857500262767651	0.09272209162329408	0.3459235228773465	0.09259073048965052	outputs/paper1_data_refresh_20260710/PAPER1_7MODEL_RAW_SEED_METRICS.tsv
ISG-MDA	MDR	random_minus_drug_cold	AUROC	25	0.9145775605522737	0.0078014256594942525	0.535571012578989	0.08157799997391543	0.37900654797328465	0.0791116402701318	outputs/paper1_data_refresh_20260710/PAPER1_7MODEL_RAW_SEED_METRICS.tsv
ISG-MDA	MDR	random_minus_mirna_cold	AUROC	25	0.9145775605522737	0.0078014256594942525	0.9011587618500979	0.008430941225998904	0.013418798702175777	0.011754232165429283	outputs/paper1_data_refresh_20260710/PAPER1_7MODEL_RAW_SEED_METRICS.tsv
ISG-MDA	MDR	random_minus_scaffold_cold	AUROC	25	0.9145775605522737	0.0078014256594942525	0.5816613465055674	0.08160067982599258	0.3329162140467062	0.08264947186989227	outputs/paper1_data_refresh_20260710/PAPER1_7MODEL_RAW_SEED_METRICS.tsv
ISG-MDA	MDR	random_minus_strict_cold	AUROC	25	0.9145775605522737	0.0078014256594942525	0.548573952409434	0.03420847290528536	0.3660036081428397	0.03591335628478448	outputs/paper1_data_refresh_20260710/PAPER1_7MODEL_RAW_SEED_METRICS.tsv
ISG-MDA	MDS	random_minus_drug_cold	AUROC	25	0.9123404958904083	0.006163526560289118	0.6696461464361078	0.0801236714443515	0.2426943494543005	0.08126390713668494	outputs/paper1_data_refresh_20260710/PAPER1_7MODEL_RAW_SEED_METRICS.tsv
ISG-MDA	MDS	random_minus_mirna_cold	AUROC	25	0.9123404958904083	0.006163526560289118	0.8996706809152387	0.010415545193126414	0.012669814975169568	0.010342168369864041	outputs/paper1_data_refresh_20260710/PAPER1_7MODEL_RAW_SEED_METRICS.tsv
ISG-MDA	MDS	random_minus_scaffold_cold	AUROC	25	0.9123404958904083	0.006163526560289118	0.5922415296692303	0.08190239664633546	0.320098966221178	0.08150752655213446	outputs/paper1_data_refresh_20260710/PAPER1_7MODEL_RAW_SEED_METRICS.tsv
ISG-MDA	MDS	random_minus_strict_cold	AUROC	25	0.9123404958904083	0.006163526560289118	0.5716993017185932	0.040144855328131314	0.34064119417181515	0.03995699842678486	outputs/paper1_data_refresh_20260710/PAPER1_7MODEL_RAW_SEED_METRICS.tsv
MGCNA	native	random_minus_drug_cold	AUROC	25	0.8658246557002778	0.022173417216985333	0.5641530369768538	0.0656433218225346	0.3016716187234239	0.06910269385600071	outputs/paper1_data_refresh_20260710/PAPER1_7MODEL_RAW_SEED_METRICS.tsv
MGCNA	native	random_minus_mirna_cold	AUROC	25	0.8658246557002778	0.022173417216985333	0.7888703348483044	0.041237547708876755	0.0769543208519734	0.050801593594988356	outputs/paper1_data_refresh_20260710/PAPER1_7MODEL_RAW_SEED_METRICS.tsv
MGCNA	native	random_minus_scaffold_cold	AUROC	25	0.8658246557002778	0.022173417216985333	0.5541363910931572	0.05234342598879932	0.3116882646071206	0.057879989987857906	outputs/paper1_data_refresh_20260710/PAPER1_7MODEL_RAW_SEED_METRICS.tsv
MGCNA	native	random_minus_strict_cold	AUROC	25	0.8658246557002778	0.022173417216985333	0.5005164229677727	0.13989231124398063	0.3653082327325051	0.14711456364555192	outputs/paper1_data_refresh_20260710/PAPER1_7MODEL_RAW_SEED_METRICS.tsv
MPHGNN	native	random_minus_drug_cold	AUROC	25	0.9493762585148751	0.0017289836699364042	0.676616263363934	0.023228343441302635	0.272759995150941	0.023215101062912524	outputs/paper1_data_refresh_20260710/PAPER1_7MODEL_RAW_SEED_METRICS.tsv
MPHGNN	native	random_minus_mirna_cold	AUROC	25	0.9493762585148751	0.0017289836699364042	0.9230501543209877	0.00212490051613679	0.026326104193887357	0.0019130930082457674	outputs/paper1_data_refresh_20260710/PAPER1_7MODEL_RAW_SEED_METRICS.tsv
MPHGNN	native	random_minus_scaffold_cold	AUROC	25	0.9493762585148751	0.0017289836699364042	0.7622186666666667	0.011737602235719471	0.18715759184820835	0.012068757242514544	outputs/paper1_data_refresh_20260710/PAPER1_7MODEL_RAW_SEED_METRICS.tsv
MPHGNN	native	random_minus_strict_cold	AUROC	25	0.9493762585148751	0.0017289836699364042	0.2636488568327439	0.052407875589789744	0.6857274016821311	0.05277639864124222	outputs/paper1_data_refresh_20260710/PAPER1_7MODEL_RAW_SEED_METRICS.tsv
PLMF-MDA	MDR	random_minus_drug_cold	AUROC	25	0.9225124794571564	0.005814356168407366	0.561528741739869	0.07361279211195758	0.36098373771728737	0.07079676803898886	outputs/paper1_data_refresh_20260710/PAPER1_7MODEL_RAW_SEED_METRICS.tsv
PLMF-MDA	MDR	random_minus_mirna_cold	AUROC	25	0.9225124794571564	0.005814356168407366	0.9080692021656498	0.006273629816216099	0.014443277291506603	0.008394051003068644	outputs/paper1_data_refresh_20260710/PAPER1_7MODEL_RAW_SEED_METRICS.tsv
PLMF-MDA	MDR	random_minus_scaffold_cold	AUROC	25	0.9225124794571564	0.005814356168407366	0.5628520228262202	0.0933970218236522	0.35966045663093626	0.09312599697287766	outputs/paper1_data_refresh_20260710/PAPER1_7MODEL_RAW_SEED_METRICS.tsv
PLMF-MDA	MDR	random_minus_strict_cold	AUROC	25	0.9225124794571564	0.005814356168407366	0.5513538906746824	0.03463952645434106	0.37115858878247393	0.03559018639263224	outputs/paper1_data_refresh_20260710/PAPER1_7MODEL_RAW_SEED_METRICS.tsv
PLMF-MDA	MDS	random_minus_drug_cold	AUROC	25	0.9216347379615525	0.005760859916018235	0.6586577582112597	0.09860626862621276	0.26297697975029277	0.09882760023387052	outputs/paper1_data_refresh_20260710/PAPER1_7MODEL_RAW_SEED_METRICS.tsv
PLMF-MDA	MDS	random_minus_mirna_cold	AUROC	25	0.9216347379615525	0.005760859916018235	0.9084243781237089	0.007179578524329891	0.0132103598378436	0.008976918860991421	outputs/paper1_data_refresh_20260710/PAPER1_7MODEL_RAW_SEED_METRICS.tsv
PLMF-MDA	MDS	random_minus_scaffold_cold	AUROC	25	0.9216347379615525	0.005760859916018235	0.6044852559235794	0.08799222780276156	0.31714948203797316	0.08828977286709808	outputs/paper1_data_refresh_20260710/PAPER1_7MODEL_RAW_SEED_METRICS.tsv
PLMF-MDA	MDS	random_minus_strict_cold	AUROC	25	0.9216347379615525	0.005760859916018235	0.5777093224592631	0.03747395004749999	0.34392541550228944	0.03596176825542917	outputs/paper1_data_refresh_20260710/PAPER1_7MODEL_RAW_SEED_METRICS.tsv
