dataset	model_seed	candidate_pair_index	controlled_rank	global_rank	miRNA_id	drug_id	strategy	selected_atom_index	selected_atom_element	attention_score	baseline_probability	masked_probability	signed_delta	absolute_delta	contains_metal	analysis_subgroup	analysis_role	original_smiles	upstream_source
MDS	7	89169	3	3	20	7	Low	1	Pt	0.3194506466388702	0.9912580847740172	0.0079159038141369	-0.9833421809598804	0.9833421809598804	1	metal	confirmatory_seed1_24	[H][N]([H])([H])[Pt](Cl)(Cl)[N]([H])([H])[H]	formal_runs/gat_only_masking_formal_20260625/table_exports/GAT_ONLY_MASKING_FORMAL_RAW_10000.tsv
MDS	7	75988	2	2	602	7	Low	1	Pt	0.3194506466388702	0.9911189675331116	0.009601205587387	-0.9815177619457244	0.9815177619457244	1	metal	confirmatory_seed1_24	[H][N]([H])([H])[Pt](Cl)(Cl)[N]([H])([H])[H]	formal_runs/gat_only_masking_formal_20260625/table_exports/GAT_ONLY_MASKING_FORMAL_RAW_10000.tsv
MDS	7	39931	1	1	395	7	Low	1	Pt	0.3194506466388702	0.9937686920166016	0.0149662084877491	-0.9788024835288524	0.9788024835288524	1	metal	confirmatory_seed1_24	[H][N]([H])([H])[Pt](Cl)(Cl)[N]([H])([H])[H]	formal_runs/gat_only_masking_formal_20260625/table_exports/GAT_ONLY_MASKING_FORMAL_RAW_10000.tsv
MDS	1	89169	3	3	20	7	Low	1	Pt	0.3189395070075989	0.981507420539856	0.0082397097721695	-0.9732677107676864	0.9732677107676864	1	metal	confirmatory_seed1_24	[H][N]([H])([H])[Pt](Cl)(Cl)[N]([H])([H])[H]	formal_runs/gat_only_masking_formal_20260625/table_exports/GAT_ONLY_MASKING_FORMAL_RAW_10000.tsv
MDS	0	39931	1	1	395	7	Low	1	Pt	0.3317093253135681	0.9925577640533448	0.0221850704401731	-0.9703726936131716	0.9703726936131716	1	metal	exploratory_seed0	[H][N]([H])([H])[Pt](Cl)(Cl)[N]([H])([H])[H]	formal_runs/gat_only_masking_formal_20260625/table_exports/GAT_ONLY_MASKING_FORMAL_RAW_10000.tsv
MDS	1	75988	2	2	602	7	Low	1	Pt	0.3189395070075989	0.9883267283439636	0.0184161607176065	-0.9699105676263572	0.9699105676263572	1	metal	confirmatory_seed1_24	[H][N]([H])([H])[Pt](Cl)(Cl)[N]([H])([H])[H]	formal_runs/gat_only_masking_formal_20260625/table_exports/GAT_ONLY_MASKING_FORMAL_RAW_10000.tsv
MDR	16	67442	2	2	1092	8	Low	1	Pt	0.318878710269928	0.9775082468986512	0.0101822270080447	-0.9673260198906064	0.9673260198906064	1	metal	confirmatory_seed1_24	[H][N]([H])([H])[Pt](Cl)(Cl)[N]([H])([H])[H]	formal_runs/gat_only_masking_formal_20260625/table_exports/GAT_ONLY_MASKING_FORMAL_RAW_10000.tsv
MDS	3	75988	2	2	602	7	Low	1	Pt	0.3198676705360412	0.9984140396118164	0.0348854474723339	-0.9635285921394824	0.9635285921394824	1	metal	confirmatory_seed1_24	[H][N]([H])([H])[Pt](Cl)(Cl)[N]([H])([H])[H]	formal_runs/gat_only_masking_formal_20260625/table_exports/GAT_ONLY_MASKING_FORMAL_RAW_10000.tsv
MDS	0	89169	3	3	20	7	Low	1	Pt	0.3317093253135681	0.9853973984718324	0.0224711745977401	-0.962926223874092	0.962926223874092	1	metal	exploratory_seed0	[H][N]([H])([H])[Pt](Cl)(Cl)[N]([H])([H])[H]	formal_runs/gat_only_masking_formal_20260625/table_exports/GAT_ONLY_MASKING_FORMAL_RAW_10000.tsv
MDS	8	75988	2	2	602	7	Low	1	Pt	0.3150864243507385	0.9965248703956604	0.0356570705771446	-0.9608677998185158	0.9608677998185158	1	metal	confirmatory_seed1_24	[H][N]([H])([H])[Pt](Cl)(Cl)[N]([H])([H])[H]	formal_runs/gat_only_masking_formal_20260625/table_exports/GAT_ONLY_MASKING_FORMAL_RAW_10000.tsv
MDS	21	39931	1	1	395	7	Low	1	Pt	0.3085895180702209	0.9951135516166688	0.0370573252439498	-0.9580562263727188	0.9580562263727188	1	metal	confirmatory_seed1_24	[H][N]([H])([H])[Pt](Cl)(Cl)[N]([H])([H])[H]	formal_runs/gat_only_masking_formal_20260625/table_exports/GAT_ONLY_MASKING_FORMAL_RAW_10000.tsv
MDS	17	39931	1	1	395	7	Low	1	Pt	0.3273818492889404	0.9980533123016356	0.0404813475906848	-0.9575719647109509	0.9575719647109509	1	metal	confirmatory_seed1_24	[H][N]([H])([H])[Pt](Cl)(Cl)[N]([H])([H])[H]	formal_runs/gat_only_masking_formal_20260625/table_exports/GAT_ONLY_MASKING_FORMAL_RAW_10000.tsv
MDS	0	75988	2	2	602	7	Low	1	Pt	0.3317093253135681	0.9825971722602844	0.0265838429331779	-0.9560133293271064	0.9560133293271064	1	metal	exploratory_seed0	[H][N]([H])([H])[Pt](Cl)(Cl)[N]([H])([H])[H]	formal_runs/gat_only_masking_formal_20260625/table_exports/GAT_ONLY_MASKING_FORMAL_RAW_10000.tsv
MDS	13	89169	3	3	20	7	Low	1	Pt	0.3421403169631958	0.9941591024398804	0.0409531034529209	-0.9532059989869596	0.9532059989869596	1	metal	confirmatory_seed1_24	[H][N]([H])([H])[Pt](Cl)(Cl)[N]([H])([H])[H]	formal_runs/gat_only_masking_formal_20260625/table_exports/GAT_ONLY_MASKING_FORMAL_RAW_10000.tsv
MDS	8	89169	3	3	20	7	Low	1	Pt	0.3150864243507385	0.9971688389778136	0.0456340909004211	-0.9515347480773926	0.9515347480773926	1	metal	confirmatory_seed1_24	[H][N]([H])([H])[Pt](Cl)(Cl)[N]([H])([H])[H]	formal_runs/gat_only_masking_formal_20260625/table_exports/GAT_ONLY_MASKING_FORMAL_RAW_10000.tsv
MDS	8	39931	1	1	395	7	Low	1	Pt	0.3150864243507385	0.9970552921295166	0.0456131398677825	-0.951442152261734	0.951442152261734	1	metal	confirmatory_seed1_24	[H][N]([H])([H])[Pt](Cl)(Cl)[N]([H])([H])[H]	formal_runs/gat_only_masking_formal_20260625/table_exports/GAT_ONLY_MASKING_FORMAL_RAW_10000.tsv
MDS	20	89169	3	3	20	7	Low	1	Pt	0.3266186416149139	0.9783725142478944	0.0279856417328119	-0.9503868725150824	0.9503868725150824	1	metal	confirmatory_seed1_24	[H][N]([H])([H])[Pt](Cl)(Cl)[N]([H])([H])[H]	formal_runs/gat_only_masking_formal_20260625/table_exports/GAT_ONLY_MASKING_FORMAL_RAW_10000.tsv
MDR	16	42506	3	3	265	8	Low	1	Pt	0.318878710269928	0.9726942777633668	0.0229307394474744	-0.9497635383158922	0.9497635383158922	1	metal	confirmatory_seed1_24	[H][N]([H])([H])[Pt](Cl)(Cl)[N]([H])([H])[H]	formal_runs/gat_only_masking_formal_20260625/table_exports/GAT_ONLY_MASKING_FORMAL_RAW_10000.tsv
MDS	3	89169	3	3	20	7	Low	1	Pt	0.3198676705360412	0.9989400506019592	0.0504316017031669	-0.9485084488987924	0.9485084488987924	1	metal	confirmatory_seed1_24	[H][N]([H])([H])[Pt](Cl)(Cl)[N]([H])([H])[H]	formal_runs/gat_only_masking_formal_20260625/table_exports/GAT_ONLY_MASKING_FORMAL_RAW_10000.tsv
MDR	16	42884	5	5	721	8	Low	1	Pt	0.318878710269928	0.9593368172645568	0.0128733124583959	-0.9464635048061608	0.9464635048061608	1	metal	confirmatory_seed1_24	[H][N]([H])([H])[Pt](Cl)(Cl)[N]([H])([H])[H]	formal_runs/gat_only_masking_formal_20260625/table_exports/GAT_ONLY_MASKING_FORMAL_RAW_10000.tsv
MDS	13	75988	2	2	602	7	Low	1	Pt	0.3421403169631958	0.9922641515731812	0.0466717109084129	-0.9455924406647682	0.9455924406647682	1	metal	confirmatory_seed1_24	[H][N]([H])([H])[Pt](Cl)(Cl)[N]([H])([H])[H]	formal_runs/gat_only_masking_formal_20260625/table_exports/GAT_ONLY_MASKING_FORMAL_RAW_10000.tsv
MDS	1	39931	1	1	395	7	Low	1	Pt	0.3189395070075989	0.9935542345046996	0.0497955083847045	-0.9437587261199952	0.9437587261199952	1	metal	confirmatory_seed1_24	[H][N]([H])([H])[Pt](Cl)(Cl)[N]([H])([H])[H]	formal_runs/gat_only_masking_formal_20260625/table_exports/GAT_ONLY_MASKING_FORMAL_RAW_10000.tsv
MDS	21	89169	3	3	20	7	Low	1	Pt	0.3085895180702209	0.9958600401878356	0.0523603372275829	-0.9434997029602528	0.9434997029602528	1	metal	confirmatory_seed1_24	[H][N]([H])([H])[Pt](Cl)(Cl)[N]([H])([H])[H]	formal_runs/gat_only_masking_formal_20260625/table_exports/GAT_ONLY_MASKING_FORMAL_RAW_10000.tsv
MDS	17	89169	3	3	20	7	Low	1	Pt	0.3273818492889404	0.9984238147735596	0.0564023032784462	-0.9420215114951134	0.9420215114951134	1	metal	confirmatory_seed1_24	[H][N]([H])([H])[Pt](Cl)(Cl)[N]([H])([H])[H]	formal_runs/gat_only_masking_formal_20260625/table_exports/GAT_ONLY_MASKING_FORMAL_RAW_10000.tsv
MDS	13	39931	1	1	395	7	Low	1	Pt	0.3421403169631958	0.9962350726127625	0.0552553012967109	-0.9409797713160516	0.9409797713160516	1	metal	confirmatory_seed1_24	[H][N]([H])([H])[Pt](Cl)(Cl)[N]([H])([H])[H]	formal_runs/gat_only_masking_formal_20260625/table_exports/GAT_ONLY_MASKING_FORMAL_RAW_10000.tsv
MDS	17	75988	2	2	602	7	Low	1	Pt	0.3273818492889404	0.9984020590782166	0.0578172728419303	-0.9405847862362862	0.9405847862362862	1	metal	confirmatory_seed1_24	[H][N]([H])([H])[Pt](Cl)(Cl)[N]([H])([H])[H]	formal_runs/gat_only_masking_formal_20260625/table_exports/GAT_ONLY_MASKING_FORMAL_RAW_10000.tsv
MDS	3	39931	1	1	395	7	Low	1	Pt	0.3198676705360412	0.9991763234138488	0.0610990487039089	-0.93807727470994	0.93807727470994	1	metal	confirmatory_seed1_24	[H][N]([H])([H])[Pt](Cl)(Cl)[N]([H])([H])[H]	formal_runs/gat_only_masking_formal_20260625/table_exports/GAT_ONLY_MASKING_FORMAL_RAW_10000.tsv
MDR	10	42506	3	3	265	8	Low	1	Pt	0.3215872347354889	0.9921624064445496	0.0561143197119236	-0.936048086732626	0.936048086732626	1	metal	confirmatory_seed1_24	[H][N]([H])([H])[Pt](Cl)(Cl)[N]([H])([H])[H]	formal_runs/gat_only_masking_formal_20260625/table_exports/GAT_ONLY_MASKING_FORMAL_RAW_10000.tsv
MDS	21	75988	2	2	602	7	Low	1	Pt	0.3085895180702209	0.994418740272522	0.0597904585301876	-0.9346282817423344	0.9346282817423344	1	metal	confirmatory_seed1_24	[H][N]([H])([H])[Pt](Cl)(Cl)[N]([H])([H])[H]	formal_runs/gat_only_masking_formal_20260625/table_exports/GAT_ONLY_MASKING_FORMAL_RAW_10000.tsv
MDS	20	75988	2	2	602	7	Low	1	Pt	0.3266186416149139	0.984691560268402	0.0642595291137695	-0.9204320311546326	0.9204320311546326	1	metal	confirmatory_seed1_24	[H][N]([H])([H])[Pt](Cl)(Cl)[N]([H])([H])[H]	formal_runs/gat_only_masking_formal_20260625/table_exports/GAT_ONLY_MASKING_FORMAL_RAW_10000.tsv
MDR	8	67442	2	2	1092	8	Low	1	Pt	0.2815340757369995	0.9537981748580932	0.064055323600769	-0.8897428512573242	0.8897428512573242	1	metal	confirmatory_seed1_24	[H][N]([H])([H])[Pt](Cl)(Cl)[N]([H])([H])[H]	formal_runs/gat_only_masking_formal_20260625/table_exports/GAT_ONLY_MASKING_FORMAL_RAW_10000.tsv
MDS	10	89169	3	3	20	7	Low	1	Pt	0.3130856156349182	0.9859697818756104	0.0999947190284729	-0.8859750628471375	0.8859750628471375	1	metal	confirmatory_seed1_24	[H][N]([H])([H])[Pt](Cl)(Cl)[N]([H])([H])[H]	formal_runs/gat_only_masking_formal_20260625/table_exports/GAT_ONLY_MASKING_FORMAL_RAW_10000.tsv
MDS	20	39931	1	1	395	7	Low	1	Pt	0.3266186416149139	0.9879887104034424	0.102050170302391	-0.8859385401010513	0.8859385401010513	1	metal	confirmatory_seed1_24	[H][N]([H])([H])[Pt](Cl)(Cl)[N]([H])([H])[H]	formal_runs/gat_only_masking_formal_20260625/table_exports/GAT_ONLY_MASKING_FORMAL_RAW_10000.tsv
MDR	9	67442	2	2	1092	8	Low	1	Pt	0.3106662631034851	0.9939775466918944	0.1156836450099945	-0.8782939016819	0.8782939016819	1	metal	confirmatory_seed1_24	[H][N]([H])([H])[Pt](Cl)(Cl)[N]([H])([H])[H]	formal_runs/gat_only_masking_formal_20260625/table_exports/GAT_ONLY_MASKING_FORMAL_RAW_10000.tsv
MDS	22	75988	2	2	602	7	Low	1	Pt	0.2877462208271026	0.9968650937080384	0.1205105036497116	-0.8763545900583267	0.8763545900583267	1	metal	confirmatory_seed1_24	[H][N]([H])([H])[Pt](Cl)(Cl)[N]([H])([H])[H]	formal_runs/gat_only_masking_formal_20260625/table_exports/GAT_ONLY_MASKING_FORMAL_RAW_10000.tsv
MDR	17	67442	2	2	1092	8	Low	1	Pt	0.3371921181678772	0.965444028377533	0.0913994908332824	-0.8740445375442505	0.8740445375442505	1	metal	confirmatory_seed1_24	[H][N]([H])([H])[Pt](Cl)(Cl)[N]([H])([H])[H]	formal_runs/gat_only_masking_formal_20260625/table_exports/GAT_ONLY_MASKING_FORMAL_RAW_10000.tsv
MDS	10	75988	2	2	602	7	Low	1	Pt	0.3130856156349182	0.9885767102241516	0.1238831207156181	-0.8646935895085335	0.8646935895085335	1	metal	confirmatory_seed1_24	[H][N]([H])([H])[Pt](Cl)(Cl)[N]([H])([H])[H]	formal_runs/gat_only_masking_formal_20260625/table_exports/GAT_ONLY_MASKING_FORMAL_RAW_10000.tsv
MDS	12	75988	2	2	602	7	Low	1	Pt	0.3165518641471863	0.9951685667037964	0.1317709982395172	-0.8633975684642792	0.8633975684642792	1	metal	confirmatory_seed1_24	[H][N]([H])([H])[Pt](Cl)(Cl)[N]([H])([H])[H]	formal_runs/gat_only_masking_formal_20260625/table_exports/GAT_ONLY_MASKING_FORMAL_RAW_10000.tsv
MDR	9	42884	5	5	721	8	Low	1	Pt	0.3106662631034851	0.9863242506980896	0.1279548853635788	-0.8583693653345108	0.8583693653345108	1	metal	confirmatory_seed1_24	[H][N]([H])([H])[Pt](Cl)(Cl)[N]([H])([H])[H]	formal_runs/gat_only_masking_formal_20260625/table_exports/GAT_ONLY_MASKING_FORMAL_RAW_10000.tsv
MDS	10	39931	1	1	395	7	Low	1	Pt	0.3130856156349182	0.9889274835586548	0.1386851221323013	-0.8502423614263535	0.8502423614263535	1	metal	confirmatory_seed1_24	[H][N]([H])([H])[Pt](Cl)(Cl)[N]([H])([H])[H]	formal_runs/gat_only_masking_formal_20260625/table_exports/GAT_ONLY_MASKING_FORMAL_RAW_10000.tsv
MDR	10	67442	2	2	1092	8	Low	1	Pt	0.3215872347354889	0.9949775338172911	0.1488619297742843	-0.8461156040430069	0.8461156040430069	1	metal	confirmatory_seed1_24	[H][N]([H])([H])[Pt](Cl)(Cl)[N]([H])([H])[H]	formal_runs/gat_only_masking_formal_20260625/table_exports/GAT_ONLY_MASKING_FORMAL_RAW_10000.tsv
MDR	17	42884	5	5	721	8	Low	1	Pt	0.3371921181678772	0.9660658836364746	0.1342268735170364	-0.8318390101194382	0.8318390101194382	1	metal	confirmatory_seed1_24	[H][N]([H])([H])[Pt](Cl)(Cl)[N]([H])([H])[H]	formal_runs/gat_only_masking_formal_20260625/table_exports/GAT_ONLY_MASKING_FORMAL_RAW_10000.tsv
MDS	15	75988	2	2	602	7	Low	1	Pt	0.3106687664985657	0.9921522736549376	0.1610868424177169	-0.8310654312372208	0.8310654312372208	1	metal	confirmatory_seed1_24	[H][N]([H])([H])[Pt](Cl)(Cl)[N]([H])([H])[H]	formal_runs/gat_only_masking_formal_20260625/table_exports/GAT_ONLY_MASKING_FORMAL_RAW_10000.tsv
MDR	7	67442	2	2	1092	8	Low	1	Pt	0.3186224102973938	0.989639163017273	0.1671807169914245	-0.8224584460258484	0.8224584460258484	1	metal	confirmatory_seed1_24	[H][N]([H])([H])[Pt](Cl)(Cl)[N]([H])([H])[H]	formal_runs/gat_only_masking_formal_20260625/table_exports/GAT_ONLY_MASKING_FORMAL_RAW_10000.tsv
MDS	15	89169	3	3	20	7	Low	1	Pt	0.3106687664985657	0.9939020872116088	0.1998393833637237	-0.7940627038478851	0.7940627038478851	1	metal	confirmatory_seed1_24	[H][N]([H])([H])[Pt](Cl)(Cl)[N]([H])([H])[H]	formal_runs/gat_only_masking_formal_20260625/table_exports/GAT_ONLY_MASKING_FORMAL_RAW_10000.tsv
MDS	15	39931	1	1	395	7	Low	1	Pt	0.3106687664985657	0.9931136965751648	0.1998079568147659	-0.7933057397603989	0.7933057397603989	1	metal	confirmatory_seed1_24	[H][N]([H])([H])[Pt](Cl)(Cl)[N]([H])([H])[H]	formal_runs/gat_only_masking_formal_20260625/table_exports/GAT_ONLY_MASKING_FORMAL_RAW_10000.tsv
MDS	12	89169	3	3	20	7	Low	1	Pt	0.3165518641471863	0.997231900691986	0.2095544338226318	-0.7876774668693542	0.7876774668693542	1	metal	confirmatory_seed1_24	[H][N]([H])([H])[Pt](Cl)(Cl)[N]([H])([H])[H]	formal_runs/gat_only_masking_formal_20260625/table_exports/GAT_ONLY_MASKING_FORMAL_RAW_10000.tsv
MDR	9	42506	3	3	265	8	Low	1	Pt	0.3106662631034851	0.9946501851081848	0.2088605910539627	-0.7857895940542221	0.7857895940542221	1	metal	confirmatory_seed1_24	[H][N]([H])([H])[Pt](Cl)(Cl)[N]([H])([H])[H]	formal_runs/gat_only_masking_formal_20260625/table_exports/GAT_ONLY_MASKING_FORMAL_RAW_10000.tsv
MDS	11	75988	2	2	602	7	Low	1	Pt	0.2862505316734314	0.9850643277168274	0.2004313766956329	-0.7846329510211945	0.7846329510211945	1	metal	confirmatory_seed1_24	[H][N]([H])([H])[Pt](Cl)(Cl)[N]([H])([H])[H]	formal_runs/gat_only_masking_formal_20260625/table_exports/GAT_ONLY_MASKING_FORMAL_RAW_10000.tsv
MDR	8	42506	3	3	265	8	Low	1	Pt	0.2815340757369995	0.9751161336898804	0.197156548500061	-0.7779595851898193	0.7779595851898193	1	metal	confirmatory_seed1_24	[H][N]([H])([H])[Pt](Cl)(Cl)[N]([H])([H])[H]	formal_runs/gat_only_masking_formal_20260625/table_exports/GAT_ONLY_MASKING_FORMAL_RAW_10000.tsv
MDS	11	89169	3	3	20	7	Low	1	Pt	0.2862505316734314	0.987138330936432	0.2366975098848343	-0.7504408210515976	0.7504408210515976	1	metal	confirmatory_seed1_24	[H][N]([H])([H])[Pt](Cl)(Cl)[N]([H])([H])[H]	formal_runs/gat_only_masking_formal_20260625/table_exports/GAT_ONLY_MASKING_FORMAL_RAW_10000.tsv
MDS	12	39931	1	1	395	7	Low	1	Pt	0.3165518641471863	0.9969193935394288	0.2468584030866623	-0.7500609904527664	0.7500609904527664	1	metal	confirmatory_seed1_24	[H][N]([H])([H])[Pt](Cl)(Cl)[N]([H])([H])[H]	formal_runs/gat_only_masking_formal_20260625/table_exports/GAT_ONLY_MASKING_FORMAL_RAW_10000.tsv
MDR	17	42506	3	3	265	8	Low	1	Pt	0.3371921181678772	0.9745981693267822	0.2248425185680389	-0.7497556507587433	0.7497556507587433	1	metal	confirmatory_seed1_24	[H][N]([H])([H])[Pt](Cl)(Cl)[N]([H])([H])[H]	formal_runs/gat_only_masking_formal_20260625/table_exports/GAT_ONLY_MASKING_FORMAL_RAW_10000.tsv
MDR	8	42884	5	5	721	8	Low	1	Pt	0.2815340757369995	0.9806270003318788	0.2407069951295852	-0.7399200052022934	0.7399200052022934	1	metal	confirmatory_seed1_24	[H][N]([H])([H])[Pt](Cl)(Cl)[N]([H])([H])[H]	formal_runs/gat_only_masking_formal_20260625/table_exports/GAT_ONLY_MASKING_FORMAL_RAW_10000.tsv
MDR	10	42884	5	5	721	8	Low	1	Pt	0.3215872347354889	0.9940998554229736	0.3029642105102539	-0.6911356449127197	0.6911356449127197	1	metal	confirmatory_seed1_24	[H][N]([H])([H])[Pt](Cl)(Cl)[N]([H])([H])[H]	formal_runs/gat_only_masking_formal_20260625/table_exports/GAT_ONLY_MASKING_FORMAL_RAW_10000.tsv
MDS	21	117596	17	144	30	6	Low	8	Pt	0.2312233746051788	0.9864550828933716	0.2978180348873138	-0.6886370480060577	0.6886370480060577	1	metal	confirmatory_seed1_24	[H][N]1([H])[C@@H]2CCCC[C@H]2[N]([H])([H])[Pt]11OC(=O)C(=O)O1	formal_runs/gat_only_masking_formal_20260625/table_exports/GAT_ONLY_MASKING_FORMAL_RAW_10000.tsv
MDS	21	13823	15	119	63	6	Low	8	Pt	0.2312233746051788	0.9855502843856812	0.2981623411178589	-0.6873879432678223	0.6873879432678223	1	metal	confirmatory_seed1_24	[H][N]1([H])[C@@H]2CCCC[C@H]2[N]([H])([H])[Pt]11OC(=O)C(=O)O1	formal_runs/gat_only_masking_formal_20260625/table_exports/GAT_ONLY_MASKING_FORMAL_RAW_10000.tsv
MDS	20	13823	15	119	63	6	Low	8	Pt	0.2657652199268341	0.9265011548995972	0.2541598379611969	-0.6723413169384003	0.6723413169384003	1	metal	confirmatory_seed1_24	[H][N]1([H])[C@@H]2CCCC[C@H]2[N]([H])([H])[Pt]11OC(=O)C(=O)O1	formal_runs/gat_only_masking_formal_20260625/table_exports/GAT_ONLY_MASKING_FORMAL_RAW_10000.tsv
MDS	6	89169	3	3	20	7	Low	1	Pt	0.3111920952796936	0.9960790276527404	0.3621183633804321	-0.6339606642723083	0.6339606642723083	1	metal	confirmatory_seed1_24	[H][N]([H])([H])[Pt](Cl)(Cl)[N]([H])([H])[H]	formal_runs/gat_only_masking_formal_20260625/table_exports/GAT_ONLY_MASKING_FORMAL_RAW_10000.tsv
MDS	6	75988	2	2	602	7	Low	1	Pt	0.3111920952796936	0.9966478943824768	0.3662508726119995	-0.6303970217704773	0.6303970217704773	1	metal	confirmatory_seed1_24	[H][N]([H])([H])[Pt](Cl)(Cl)[N]([H])([H])[H]	formal_runs/gat_only_masking_formal_20260625/table_exports/GAT_ONLY_MASKING_FORMAL_RAW_10000.tsv
MDR	22	67442	2	2	1092	8	Low	1	Pt	0.2803528904914856	0.9782394766807556	0.3623570799827575	-0.615882396697998	0.615882396697998	1	metal	confirmatory_seed1_24	[H][N]([H])([H])[Pt](Cl)(Cl)[N]([H])([H])[H]	formal_runs/gat_only_masking_formal_20260625/table_exports/GAT_ONLY_MASKING_FORMAL_RAW_10000.tsv
MDR	7	42506	3	3	265	8	Low	1	Pt	0.3186224102973938	0.9844271540641784	0.3701599538326263	-0.6142672002315521	0.6142672002315521	1	metal	confirmatory_seed1_24	[H][N]([H])([H])[Pt](Cl)(Cl)[N]([H])([H])[H]	formal_runs/gat_only_masking_formal_20260625/table_exports/GAT_ONLY_MASKING_FORMAL_RAW_10000.tsv
MDS	20	117596	17	144	30	6	Low	8	Pt	0.2657652199268341	0.946129024028778	0.3381073772907257	-0.6080216467380524	0.6080216467380524	1	metal	confirmatory_seed1_24	[H][N]1([H])[C@@H]2CCCC[C@H]2[N]([H])([H])[Pt]11OC(=O)C(=O)O1	formal_runs/gat_only_masking_formal_20260625/table_exports/GAT_ONLY_MASKING_FORMAL_RAW_10000.tsv
MDR	15	67442	2	2	1092	8	Low	1	Pt	0.2794348895549774	0.9907421469688416	0.4159834682941437	-0.5747586786746979	0.5747586786746979	1	metal	confirmatory_seed1_24	[H][N]([H])([H])[Pt](Cl)(Cl)[N]([H])([H])[H]	formal_runs/gat_only_masking_formal_20260625/table_exports/GAT_ONLY_MASKING_FORMAL_RAW_10000.tsv
MDR	15	42884	5	5	721	8	Low	1	Pt	0.2794348895549774	0.9849225282669068	0.4103088974952698	-0.574613630771637	0.574613630771637	1	metal	confirmatory_seed1_24	[H][N]([H])([H])[Pt](Cl)(Cl)[N]([H])([H])[H]	formal_runs/gat_only_masking_formal_20260625/table_exports/GAT_ONLY_MASKING_FORMAL_RAW_10000.tsv
MDR	22	42506	3	3	265	8	Low	1	Pt	0.2803528904914856	0.9849215149879456	0.4159731566905975	-0.568948358297348	0.568948358297348	1	metal	confirmatory_seed1_24	[H][N]([H])([H])[Pt](Cl)(Cl)[N]([H])([H])[H]	formal_runs/gat_only_masking_formal_20260625/table_exports/GAT_ONLY_MASKING_FORMAL_RAW_10000.tsv
MDS	11	39931	1	1	395	7	Low	1	Pt	0.2862505316734314	0.9938586354255676	0.4255593121051788	-0.5682993233203888	0.5682993233203888	1	metal	confirmatory_seed1_24	[H][N]([H])([H])[Pt](Cl)(Cl)[N]([H])([H])[H]	formal_runs/gat_only_masking_formal_20260625/table_exports/GAT_ONLY_MASKING_FORMAL_RAW_10000.tsv
MDR	7	42884	5	5	721	8	Low	1	Pt	0.3186224102973938	0.9863242506980896	0.4211615324020386	-0.565162718296051	0.565162718296051	1	metal	confirmatory_seed1_24	[H][N]([H])([H])[Pt](Cl)(Cl)[N]([H])([H])[H]	formal_runs/gat_only_masking_formal_20260625/table_exports/GAT_ONLY_MASKING_FORMAL_RAW_10000.tsv
MDR	22	42884	5	5	721	8	Low	1	Pt	0.2803528904914856	0.9871644973754884	0.4247936010360718	-0.5623708963394165	0.5623708963394165	1	metal	confirmatory_seed1_24	[H][N]([H])([H])[Pt](Cl)(Cl)[N]([H])([H])[H]	formal_runs/gat_only_masking_formal_20260625/table_exports/GAT_ONLY_MASKING_FORMAL_RAW_10000.tsv
MDR	21	42506	3	3	265	8	Low	1	Pt	0.30617755651474	0.9640927910804749	0.4062893092632293	-0.5578034818172455	0.5578034818172455	1	metal	confirmatory_seed1_24	[H][N]([H])([H])[Pt](Cl)(Cl)[N]([H])([H])[H]	formal_runs/gat_only_masking_formal_20260625/table_exports/GAT_ONLY_MASKING_FORMAL_RAW_10000.tsv
MDS	5	89169	3	3	20	7	Low	1	Pt	0.3161070942878723	0.9962922930717468	0.4396499097347259	-0.5566423833370209	0.5566423833370209	1	metal	confirmatory_seed1_24	[H][N]([H])([H])[Pt](Cl)(Cl)[N]([H])([H])[H]	formal_runs/gat_only_masking_formal_20260625/table_exports/GAT_ONLY_MASKING_FORMAL_RAW_10000.tsv
MDS	22	89169	3	3	20	7	Low	1	Pt	0.2877462208271026	0.99828040599823	0.4552798569202423	-0.5430005490779877	0.5430005490779877	1	metal	confirmatory_seed1_24	[H][N]([H])([H])[Pt](Cl)(Cl)[N]([H])([H])[H]	formal_runs/gat_only_masking_formal_20260625/table_exports/GAT_ONLY_MASKING_FORMAL_RAW_10000.tsv
MDS	20	1920	10	67	1246	6	Low	8	Pt	0.2657652199268341	0.9521604776382446	0.4164885878562927	-0.5356718897819519	0.5356718897819519	1	metal	confirmatory_seed1_24	[H][N]1([H])[C@@H]2CCCC[C@H]2[N]([H])([H])[Pt]11OC(=O)C(=O)O1	formal_runs/gat_only_masking_formal_20260625/table_exports/GAT_ONLY_MASKING_FORMAL_RAW_10000.tsv
MDR	13	42884	5	5	721	8	Low	1	Pt	0.3103348314762115	0.988193690776825	0.454839825630188	-0.533353865146637	0.533353865146637	1	metal	confirmatory_seed1_24	[H][N]([H])([H])[Pt](Cl)(Cl)[N]([H])([H])[H]	formal_runs/gat_only_masking_formal_20260625/table_exports/GAT_ONLY_MASKING_FORMAL_RAW_10000.tsv
MDR	14	67442	2	2	1092	8	Low	1	Pt	0.3156956136226654	0.9664058685302734	0.4347960948944092	-0.5316097736358643	0.5316097736358643	1	metal	confirmatory_seed1_24	[H][N]([H])([H])[Pt](Cl)(Cl)[N]([H])([H])[H]	formal_runs/gat_only_masking_formal_20260625/table_exports/GAT_ONLY_MASKING_FORMAL_RAW_10000.tsv
MDS	0	13823	15	119	63	6	Low	8	Pt	0.2560445368289947	0.9841039180755616	0.4652901291847229	-0.5188137888908386	0.5188137888908386	1	metal	exploratory_seed0	[H][N]1([H])[C@@H]2CCCC[C@H]2[N]([H])([H])[Pt]11OC(=O)C(=O)O1	formal_runs/gat_only_masking_formal_20260625/table_exports/GAT_ONLY_MASKING_FORMAL_RAW_10000.tsv
MDS	0	1920	10	67	1246	6	Low	8	Pt	0.2560445368289947	0.984445869922638	0.4727319777011871	-0.5117138922214508	0.5117138922214508	1	metal	exploratory_seed0	[H][N]1([H])[C@@H]2CCCC[C@H]2[N]([H])([H])[Pt]11OC(=O)C(=O)O1	formal_runs/gat_only_masking_formal_20260625/table_exports/GAT_ONLY_MASKING_FORMAL_RAW_10000.tsv
MDS	5	39931	1	1	395	7	Low	1	Pt	0.3161070942878723	0.9969678521156312	0.4883296191692352	-0.5086382329463959	0.5086382329463959	1	metal	confirmatory_seed1_24	[H][N]([H])([H])[Pt](Cl)(Cl)[N]([H])([H])[H]	formal_runs/gat_only_masking_formal_20260625/table_exports/GAT_ONLY_MASKING_FORMAL_RAW_10000.tsv
MDR	11	42884	5	5	721	8	Low	1	Pt	0.317778617143631	0.968132734298706	0.4667759537696838	-0.5013567805290222	0.5013567805290222	1	metal	confirmatory_seed1_24	[H][N]([H])([H])[Pt](Cl)(Cl)[N]([H])([H])[H]	formal_runs/gat_only_masking_formal_20260625/table_exports/GAT_ONLY_MASKING_FORMAL_RAW_10000.tsv
MDS	6	39931	1	1	395	7	Low	1	Pt	0.3111920952796936	0.9979548454284668	0.498748630285263	-0.4992062151432037	0.4992062151432037	1	metal	confirmatory_seed1_24	[H][N]([H])([H])[Pt](Cl)(Cl)[N]([H])([H])[H]	formal_runs/gat_only_masking_formal_20260625/table_exports/GAT_ONLY_MASKING_FORMAL_RAW_10000.tsv
