source_table	setting	n_seeds	applied_count_pass_seeds	all_matrix_validation_pass_seeds	manifest_rows_each	applied_masks_each	expected_applied_masks_each	status	upstream_source	dataset	subgroup	strategy	row_count	seed_count	candidate_count	drug_count	mean_absolute_delta	trimmed_mean_10pct	median_absolute_delta	q75	q90	q95	maximum
FORMAL100_MASKING_RUN_AUDIT_SUMMARY	circrna_cold	25	25	25	7	3	3	PASS	formal_runs/gat_only_masking_formal_20260625/table_exports/GAT_ONLY_MASKING_FORMAL_STRATEGY_SUMMARY_CONFIRMATORY.tsv														
FORMAL100_MASKING_RUN_AUDIT_SUMMARY	disease_cold	25	25	25	7	2	2	PASS	formal_runs/gat_only_masking_formal_20260625/table_exports/GAT_ONLY_MASKING_FORMAL_STRATEGY_SUMMARY_CONFIRMATORY.tsv														
FORMAL100_MASKING_RUN_AUDIT_SUMMARY	random	25	25	25	7	0	0	PASS	formal_runs/gat_only_masking_formal_20260625/table_exports/GAT_ONLY_MASKING_FORMAL_STRATEGY_SUMMARY_CONFIRMATORY.tsv														
FORMAL100_MASKING_RUN_AUDIT_SUMMARY	strict_cold	25	25	25	7	5	5	PASS	formal_runs/gat_only_masking_formal_20260625/table_exports/GAT_ONLY_MASKING_FORMAL_STRATEGY_SUMMARY_CONFIRMATORY.tsv														
GAT_ONLY_MASKING_FORMAL_STRATEGY_SUMMARY_CONFIRMATORY									formal_runs/gat_only_masking_formal_20260625/table_exports/GAT_ONLY_MASKING_FORMAL_STRATEGY_SUMMARY_CONFIRMATORY.tsv	MDR	all	High	1200	24	50	17	0.01324415134886896	0.005983443061510672	0.00283432006835935	0.010843530297279325	0.031605863571166994	0.047374743223190206	0.8047240376472473
GAT_ONLY_MASKING_FORMAL_STRATEGY_SUMMARY_CONFIRMATORY									formal_runs/gat_only_masking_formal_20260625/table_exports/GAT_ONLY_MASKING_FORMAL_STRATEGY_SUMMARY_CONFIRMATORY.tsv	MDR	all	Middle	1200	24	50	17	0.004329874565203939	0.0019095209737618264	0.0010795295238494	0.0036053657531738	0.00824738144874571	0.015225937962531987	0.1552397012710571
GAT_ONLY_MASKING_FORMAL_STRATEGY_SUMMARY_CONFIRMATORY									formal_runs/gat_only_masking_formal_20260625/table_exports/GAT_ONLY_MASKING_FORMAL_STRATEGY_SUMMARY_CONFIRMATORY.tsv	MDR	all	Low	1200	24	50	17	0.036389432621654075	0.003786089705924145	0.00139123201370235	0.0047639459371566	0.0444259285926824	0.23632715344428992	0.9673260198906064
GAT_ONLY_MASKING_FORMAL_STRATEGY_SUMMARY_CONFIRMATORY									formal_runs/gat_only_masking_formal_20260625/table_exports/GAT_ONLY_MASKING_FORMAL_STRATEGY_SUMMARY_CONFIRMATORY.tsv	MDR	all	Random	1200	24	50	17	0.009417555357019063	0.002459624844292749	0.0012142956256866	0.004482135176658575	0.01537171602249149	0.03116987943649281	0.805372029542923
GAT_ONLY_MASKING_FORMAL_STRATEGY_SUMMARY_CONFIRMATORY									formal_runs/gat_only_masking_formal_20260625/table_exports/GAT_ONLY_MASKING_FORMAL_STRATEGY_SUMMARY_CONFIRMATORY.tsv	MDR	non_metal	High	1056	24	44	15	0.013606897498847815	0.005907492434724799	0.0027428269386291	0.009876087307929899	0.03215467929840085	0.04828855395317073	0.8047240376472473
GAT_ONLY_MASKING_FORMAL_STRATEGY_SUMMARY_CONFIRMATORY									formal_runs/gat_only_masking_formal_20260625/table_exports/GAT_ONLY_MASKING_FORMAL_STRATEGY_SUMMARY_CONFIRMATORY.tsv	MDR	non_metal	Middle	1056	24	44	15	0.004385341128165028	0.00185809673710631	0.00097292661666865	0.003559559583663875	0.0082602798938751	0.015262618660926774	0.1552397012710571
GAT_ONLY_MASKING_FORMAL_STRATEGY_SUMMARY_CONFIRMATORY									formal_runs/gat_only_masking_formal_20260625/table_exports/GAT_ONLY_MASKING_FORMAL_STRATEGY_SUMMARY_CONFIRMATORY.tsv	MDR	non_metal	Low	1056	24	44	15	0.009965879221757208	0.0019334419399288046	0.00111439824104305	0.0031340569257735746	0.01029393076896665	0.030071049928665126	0.6953759342432022
GAT_ONLY_MASKING_FORMAL_STRATEGY_SUMMARY_CONFIRMATORY									formal_runs/gat_only_masking_formal_20260625/table_exports/GAT_ONLY_MASKING_FORMAL_STRATEGY_SUMMARY_CONFIRMATORY.tsv	MDR	non_metal	Random	1056	24	44	15	0.00966381380390936	0.0024806599245003275	0.0011515319347381	0.004500895738601625	0.0160872638225555	0.03370846807956693	0.805372029542923
GAT_ONLY_MASKING_FORMAL_STRATEGY_SUMMARY_CONFIRMATORY									formal_runs/gat_only_masking_formal_20260625/table_exports/GAT_ONLY_MASKING_FORMAL_STRATEGY_SUMMARY_CONFIRMATORY.tsv	MDR	metal	High	144	24	6	2	0.01058401291569069	0.006741851568221996	0.00328201055526725	0.0130224823951721	0.027860784530639605	0.041898363828658976	0.0805341601371765
GAT_ONLY_MASKING_FORMAL_STRATEGY_SUMMARY_CONFIRMATORY									formal_runs/gat_only_masking_formal_20260625/table_exports/GAT_ONLY_MASKING_FORMAL_STRATEGY_SUMMARY_CONFIRMATORY.tsv	MDR	metal	Middle	144	24	6	2	0.003923119770155964	0.002322159450629611	0.0015220642089843	0.003811523318290675	0.008143341541290232	0.012341967225074664	0.0646735429763794
GAT_ONLY_MASKING_FORMAL_STRATEGY_SUMMARY_CONFIRMATORY									formal_runs/gat_only_masking_formal_20260625/table_exports/GAT_ONLY_MASKING_FORMAL_STRATEGY_SUMMARY_CONFIRMATORY.tsv	MDR	metal	Low	144	24	6	2	0.23016215755423117	0.18121713053049707	0.0845994651317596	0.41283568739891047	0.7252846971154221	0.8565313011407851	0.9673260198906064
GAT_ONLY_MASKING_FORMAL_STRATEGY_SUMMARY_CONFIRMATORY									formal_runs/gat_only_masking_formal_20260625/table_exports/GAT_ONLY_MASKING_FORMAL_STRATEGY_SUMMARY_CONFIRMATORY.tsv	MDR	metal	Random	144	24	6	2	0.007611660079823551	0.002427183862390135	0.0014600753784178998	0.00358669459819785	0.011026769876480075	0.025434541702270455	0.2529475688934326
GAT_ONLY_MASKING_FORMAL_STRATEGY_SUMMARY_CONFIRMATORY									formal_runs/gat_only_masking_formal_20260625/table_exports/GAT_ONLY_MASKING_FORMAL_STRATEGY_SUMMARY_CONFIRMATORY.tsv	MDS	all	High	1200	24	50	18	0.015731492464741023	0.0070386026675501945	0.0031583607196807003	0.01196508109569545	0.03890904188156127	0.07161169648170466	0.6661938726902008
GAT_ONLY_MASKING_FORMAL_STRATEGY_SUMMARY_CONFIRMATORY									formal_runs/gat_only_masking_formal_20260625/table_exports/GAT_ONLY_MASKING_FORMAL_STRATEGY_SUMMARY_CONFIRMATORY.tsv	MDS	all	Middle	1200	24	50	18	0.0054648104310035285	0.0017005807409683398	0.00089100003242485	0.003171652555465675	0.008623284101486196	0.017748400568962073	0.3870649933815002
GAT_ONLY_MASKING_FORMAL_STRATEGY_SUMMARY_CONFIRMATORY									formal_runs/gat_only_masking_formal_20260625/table_exports/GAT_ONLY_MASKING_FORMAL_STRATEGY_SUMMARY_CONFIRMATORY.tsv	MDS	all	Low	1200	24	50	18	0.047181981139195424	0.0027963529651363187	0.0012552440166472998	0.00421886146068565	0.023442804813384975	0.3699452221393583	0.9833421809598804
GAT_ONLY_MASKING_FORMAL_STRATEGY_SUMMARY_CONFIRMATORY									formal_runs/gat_only_masking_formal_20260625/table_exports/GAT_ONLY_MASKING_FORMAL_STRATEGY_SUMMARY_CONFIRMATORY.tsv	MDS	all	Random	1200	24	50	18	0.0075318429867426125	0.002272684810062201	0.0011537075042724	0.004010513424873324	0.012374329566955543	0.024318912625312755	0.5208678841590881
GAT_ONLY_MASKING_FORMAL_STRATEGY_SUMMARY_CONFIRMATORY									formal_runs/gat_only_masking_formal_20260625/table_exports/GAT_ONLY_MASKING_FORMAL_STRATEGY_SUMMARY_CONFIRMATORY.tsv	MDS	non_metal	High	1056	24	44	16	0.017391407269645776	0.00810988279099155	0.0036024749279022	0.0139805376529693	0.043393790721893255	0.07904981076717373	0.6661938726902008
GAT_ONLY_MASKING_FORMAL_STRATEGY_SUMMARY_CONFIRMATORY									formal_runs/gat_only_masking_formal_20260625/table_exports/GAT_ONLY_MASKING_FORMAL_STRATEGY_SUMMARY_CONFIRMATORY.tsv	MDS	non_metal	Middle	1056	24	44	16	0.004303972603696723	0.0018002346475073168	0.0009418129920959	0.00332371890544885	0.008809208869933999	0.015912100672721825	0.2264388799667358
GAT_ONLY_MASKING_FORMAL_STRATEGY_SUMMARY_CONFIRMATORY									formal_runs/gat_only_masking_formal_20260625/table_exports/GAT_ONLY_MASKING_FORMAL_STRATEGY_SUMMARY_CONFIRMATORY.tsv	MDS	non_metal	Low	1056	24	44	16	0.006007576163745243	0.0016956627368926503	0.0009980499744415	0.00299285352230065	0.00839883089065545	0.0145964920520782	0.7153294831514359
GAT_ONLY_MASKING_FORMAL_STRATEGY_SUMMARY_CONFIRMATORY									formal_runs/gat_only_masking_formal_20260625/table_exports/GAT_ONLY_MASKING_FORMAL_STRATEGY_SUMMARY_CONFIRMATORY.tsv	MDS	non_metal	Random	1056	24	44	16	0.007398912344466512	0.0024563189657585078	0.0012463331222534	0.004260525107383675	0.0130875706672668	0.026234060525894127	0.5208678841590881
GAT_ONLY_MASKING_FORMAL_STRATEGY_SUMMARY_CONFIRMATORY									formal_runs/gat_only_masking_formal_20260625/table_exports/GAT_ONLY_MASKING_FORMAL_STRATEGY_SUMMARY_CONFIRMATORY.tsv	MDS	metal	High	144	24	6	2	0.003558783895439524	0.002139940857887217	0.00107270479202265	0.00375074148178095	0.008894777297973597	0.014569148421287492	0.0385113358497619
GAT_ONLY_MASKING_FORMAL_STRATEGY_SUMMARY_CONFIRMATORY									formal_runs/gat_only_masking_formal_20260625/table_exports/GAT_ONLY_MASKING_FORMAL_STRATEGY_SUMMARY_CONFIRMATORY.tsv	MDS	metal	Middle	144	24	6	2	0.013977621164586765	0.0010638483639420662	0.0005881190299986999	0.00190086662769315	0.0056517124176025234	0.02252180576324454	0.3870649933815002
GAT_ONLY_MASKING_FORMAL_STRATEGY_SUMMARY_CONFIRMATORY									formal_runs/gat_only_masking_formal_20260625/table_exports/GAT_ONLY_MASKING_FORMAL_STRATEGY_SUMMARY_CONFIRMATORY.tsv	MDS	metal	Low	144	24	6	2	0.34912761762583006	0.3171374488557721	0.20204451680183405	0.7039930336177349	0.9450423263013363	0.9579835871234537	0.9833421809598804
GAT_ONLY_MASKING_FORMAL_STRATEGY_SUMMARY_CONFIRMATORY									formal_runs/gat_only_masking_formal_20260625/table_exports/GAT_ONLY_MASKING_FORMAL_STRATEGY_SUMMARY_CONFIRMATORY.tsv	MDS	metal	Random	144	24	6	2	0.008506667696767342	0.0012910237600062993	0.0006327629089355	0.0020053833723068	0.005236536264419541	0.011990773677825896	0.4605947732925415
