model_name	task_type	dataset	setting	seed	AUROC	AUPR	ACC	F1	MCC	Brier	ECE	NLL	loss	train_loss_final	test_loss	run_status	run_dir	source_file	schema_note	upstream_source
Bi-SGTAR	CDA	Dataset1	random	0	0.5166301814843585	0.48572002433062983	0.5084033613445378	0.502127659574468	0.016812065978477165	0.24929223199852885	0.04228188473136488	0.6910442809299061	0.2415718287229538			PASS	04_formal_runs/random/seed_0/predictions.tsv	formal_runs/bisgtar_masked_pairloss_fixedfinal_20260706/06_metrics/BISGTAR_FIXEDFINAL_E200_RAW_METRICS.tsv		outputs/paper1_data_refresh_20260710/PAPER1_7MODEL_RAW_SEED_METRICS.tsv
Bi-SGTAR	CDA	Dataset1	random	1	0.5686745286349834	0.5104511300147114	0.5546218487394958	0.5508474576271186	0.10925912955951483	0.24847710494139452	0.06421655397705674	0.6912245924755183	0.2357615828514099			PASS	04_formal_runs/random/seed_1/predictions.tsv	formal_runs/bisgtar_masked_pairloss_fixedfinal_20260706/06_metrics/BISGTAR_FIXEDFINAL_E200_RAW_METRICS.tsv		outputs/paper1_data_refresh_20260710/PAPER1_7MODEL_RAW_SEED_METRICS.tsv
Bi-SGTAR	CDA	Dataset1	random	2	0.5227031989266294	0.49682437991622735	0.5084033613445378	0.4978540772532189	0.016821577756312225	0.2509722902640214	0.06981726529217569	0.6952356385942013	0.2395361363887787			PASS	04_formal_runs/random/seed_2/predictions.tsv	formal_runs/bisgtar_masked_pairloss_fixedfinal_20260706/06_metrics/BISGTAR_FIXEDFINAL_E200_RAW_METRICS.tsv		outputs/paper1_data_refresh_20260710/PAPER1_7MODEL_RAW_SEED_METRICS.tsv
Bi-SGTAR	CDA	Dataset1	random	3	0.5261634065390862	0.49825042945654296	0.5252100840336135	0.5387755102040817	0.050507627227610534	0.24921027912857058	0.03494179255070807	0.6910407666917022	0.23990462720394135			PASS	04_formal_runs/random/seed_3/predictions.tsv	formal_runs/bisgtar_masked_pairloss_fixedfinal_20260706/06_metrics/BISGTAR_FIXEDFINAL_E200_RAW_METRICS.tsv		outputs/paper1_data_refresh_20260710/PAPER1_7MODEL_RAW_SEED_METRICS.tsv
Bi-SGTAR	CDA	Dataset1	random	4	0.511016171174352	0.4797166497249319	0.5126050420168067	0.5206611570247934	0.025224338093150032	0.25470793212056136	0.049326642408591345	0.7030090853005361	0.24193117022514343			PASS	04_formal_runs/random/seed_4/predictions.tsv	formal_runs/bisgtar_masked_pairloss_fixedfinal_20260706/06_metrics/BISGTAR_FIXEDFINAL_E200_RAW_METRICS.tsv		outputs/paper1_data_refresh_20260710/PAPER1_7MODEL_RAW_SEED_METRICS.tsv
Bi-SGTAR	CDA	Dataset1	random	5	0.5535626015111927	0.5280615531244364	0.5336134453781513	0.5194805194805194	0.06734350297014738	0.24591936430061365	0.035396890229537695	0.6847717496521318	0.24375808238983154			PASS	04_formal_runs/random/seed_5/predictions.tsv	formal_runs/bisgtar_masked_pairloss_fixedfinal_20260706/06_metrics/BISGTAR_FIXEDFINAL_E200_RAW_METRICS.tsv		outputs/paper1_data_refresh_20260710/PAPER1_7MODEL_RAW_SEED_METRICS.tsv
Bi-SGTAR	CDA	Dataset1	random	6	0.5901419391285926	0.5315338718630671	0.5672268907563025	0.5422222222222223	0.13526333294564888	0.2445662771994552	0.06141322538131425	0.6818211530361228	0.2340456247329712			PASS	04_formal_runs/random/seed_6/predictions.tsv	formal_runs/bisgtar_masked_pairloss_fixedfinal_20260706/06_metrics/BISGTAR_FIXEDFINAL_E200_RAW_METRICS.tsv		outputs/paper1_data_refresh_20260710/PAPER1_7MODEL_RAW_SEED_METRICS.tsv
Bi-SGTAR	CDA	Dataset1	random	7	0.5551867805945908	0.5086433500583257	0.5588235294117647	0.5414847161572053	0.11798497593106737	0.25098179467529796	0.051173239382876066	0.6956350816869228	0.2357085943222046			PASS	04_formal_runs/random/seed_7/predictions.tsv	formal_runs/bisgtar_masked_pairloss_fixedfinal_20260706/06_metrics/BISGTAR_FIXEDFINAL_E200_RAW_METRICS.tsv		outputs/paper1_data_refresh_20260710/PAPER1_7MODEL_RAW_SEED_METRICS.tsv
Bi-SGTAR	CDA	Dataset1	random	8	0.555610479485912	0.5132277720032947	0.5126050420168067	0.48214285714285715	0.025386380475389672	0.24504025270675184	0.07335741473596638	0.6824261644590308	0.236619234085083			PASS	04_formal_runs/random/seed_8/predictions.tsv	formal_runs/bisgtar_masked_pairloss_fixedfinal_20260706/06_metrics/BISGTAR_FIXEDFINAL_E200_RAW_METRICS.tsv		outputs/paper1_data_refresh_20260710/PAPER1_7MODEL_RAW_SEED_METRICS.tsv
Bi-SGTAR	CDA	Dataset1	random	9	0.6204364098580609	0.5768579396108643	0.5756302521008403	0.5627705627705628	0.1515228816828316	0.23708346854139484	0.0701122465504318	0.665769525572389	0.23445552587509155			PASS	04_formal_runs/random/seed_9/predictions.tsv	formal_runs/bisgtar_masked_pairloss_fixedfinal_20260706/06_metrics/BISGTAR_FIXEDFINAL_E200_RAW_METRICS.tsv		outputs/paper1_data_refresh_20260710/PAPER1_7MODEL_RAW_SEED_METRICS.tsv
Bi-SGTAR	CDA	Dataset1	random	10	0.5252807005155004	0.4940034630656248	0.5336134453781513	0.5647058823529412	0.06792356108113244	0.24783060536013346	0.0812142306015271	0.6880700986790992	0.2383219599723816			PASS	04_formal_runs/random/seed_10/predictions.tsv	formal_runs/bisgtar_masked_pairloss_fixedfinal_20260706/06_metrics/BISGTAR_FIXEDFINAL_E200_RAW_METRICS.tsv		outputs/paper1_data_refresh_20260710/PAPER1_7MODEL_RAW_SEED_METRICS.tsv
Bi-SGTAR	CDA	Dataset1	random	11	0.5513734905726997	0.523864599714149	0.5168067226890757	0.5188284518828452	0.033614632272640714	0.24814503798997817	0.06206792279952715	0.6895522810014824	0.2348293513059616			PASS	04_formal_runs/random/seed_11/predictions.tsv	formal_runs/bisgtar_masked_pairloss_fixedfinal_20260706/06_metrics/BISGTAR_FIXEDFINAL_E200_RAW_METRICS.tsv		outputs/paper1_data_refresh_20260710/PAPER1_7MODEL_RAW_SEED_METRICS.tsv
Bi-SGTAR	CDA	Dataset1	random	12	0.532130499258527	0.4885746521897972	0.5630252100840336	0.5737704918032787	0.12621094857350137	0.2503402716429405	0.07213846425048444	0.6940684940442259	0.238581120967865			PASS	04_formal_runs/random/seed_12/predictions.tsv	formal_runs/bisgtar_masked_pairloss_fixedfinal_20260706/06_metrics/BISGTAR_FIXEDFINAL_E200_RAW_METRICS.tsv		outputs/paper1_data_refresh_20260710/PAPER1_7MODEL_RAW_SEED_METRICS.tsv
Bi-SGTAR	CDA	Dataset1	random	13	0.5169126474119059	0.4947571860864586	0.5042016806722689	0.5390625	0.008501176431688734	0.25192655930971375	0.06534983086235384	0.6975800572021738	0.2348250299692154			PASS	04_formal_runs/random/seed_13/predictions.tsv	formal_runs/bisgtar_masked_pairloss_fixedfinal_20260706/06_metrics/BISGTAR_FIXEDFINAL_E200_RAW_METRICS.tsv		outputs/paper1_data_refresh_20260710/PAPER1_7MODEL_RAW_SEED_METRICS.tsv
Bi-SGTAR	CDA	Dataset1	random	14	0.5607654826636537	0.5308622189610015	0.5252100840336135	0.5150214592274678	0.05046473326893667	0.24542559491851665	0.06151575062956133	0.6834852916704406	0.24059176445007324			PASS	04_formal_runs/random/seed_14/predictions.tsv	formal_runs/bisgtar_masked_pairloss_fixedfinal_20260706/06_metrics/BISGTAR_FIXEDFINAL_E200_RAW_METRICS.tsv		outputs/paper1_data_refresh_20260710/PAPER1_7MODEL_RAW_SEED_METRICS.tsv
Bi-SGTAR	CDA	Dataset1	random	15	0.47761457524186146	0.45647318812124715	0.4789915966386555	0.48333333333333334	-0.042022742138274935	0.2526256468105265	0.08447953996037233	0.6983184904301086	0.2441272884607315			PASS	04_formal_runs/random/seed_15/predictions.tsv	formal_runs/bisgtar_masked_pairloss_fixedfinal_20260706/06_metrics/BISGTAR_FIXEDFINAL_E200_RAW_METRICS.tsv		outputs/paper1_data_refresh_20260710/PAPER1_7MODEL_RAW_SEED_METRICS.tsv
Bi-SGTAR	CDA	Dataset1	random	16	0.6200833274486265	0.5875129538302446	0.5966386554621849	0.5789473684210527	0.1939633748128577	0.24087177058052123	0.06603315741825505	0.676060709120855	0.23991721868515015			PASS	04_formal_runs/random/seed_16/predictions.tsv	formal_runs/bisgtar_masked_pairloss_fixedfinal_20260706/06_metrics/BISGTAR_FIXEDFINAL_E200_RAW_METRICS.tsv		outputs/paper1_data_refresh_20260710/PAPER1_7MODEL_RAW_SEED_METRICS.tsv
Bi-SGTAR	CDA	Dataset1	random	17	0.5768307322929171	0.5264556283384986	0.5504201680672269	0.5523012552301255	0.10084389681792215	0.24293511830925682	0.06620096778418837	0.6786776313290533	0.24079732596874237			PASS	04_formal_runs/random/seed_17/predictions.tsv	formal_runs/bisgtar_masked_pairloss_fixedfinal_20260706/06_metrics/BISGTAR_FIXEDFINAL_E200_RAW_METRICS.tsv		outputs/paper1_data_refresh_20260710/PAPER1_7MODEL_RAW_SEED_METRICS.tsv
Bi-SGTAR	CDA	Dataset1	random	18	0.5951204011016171	0.5684905791744607	0.5546218487394958	0.5655737704918032	0.10938282209703452	0.2410921716519603	0.03642202606972528	0.6742122502983956	0.2426210343837738			PASS	04_formal_runs/random/seed_18/predictions.tsv	formal_runs/bisgtar_masked_pairloss_fixedfinal_20260706/06_metrics/BISGTAR_FIXEDFINAL_E200_RAW_METRICS.tsv		outputs/paper1_data_refresh_20260710/PAPER1_7MODEL_RAW_SEED_METRICS.tsv
Bi-SGTAR	CDA	Dataset1	random	19	0.5402867029164607	0.5143309355977653	0.5294117647058824	0.4954954954954955	0.059362549320058175	0.2484285386140852	0.03210010924259151	0.6893913979776508	0.2410341203212738			PASS	04_formal_runs/random/seed_19/predictions.tsv	formal_runs/bisgtar_masked_pairloss_fixedfinal_20260706/06_metrics/BISGTAR_FIXEDFINAL_E200_RAW_METRICS.tsv		outputs/paper1_data_refresh_20260710/PAPER1_7MODEL_RAW_SEED_METRICS.tsv
Bi-SGTAR	CDA	Dataset1	random	20	0.583857072240661	0.542399915694922	0.5504201680672269	0.5286343612334802	0.10127393670836667	0.24343816395134654	0.05479741384502216	0.6789747715142816	0.234095960855484			PASS	04_formal_runs/random/seed_20/predictions.tsv	formal_runs/bisgtar_masked_pairloss_fixedfinal_20260706/06_metrics/BISGTAR_FIXEDFINAL_E200_RAW_METRICS.tsv		outputs/paper1_data_refresh_20260710/PAPER1_7MODEL_RAW_SEED_METRICS.tsv
Bi-SGTAR	CDA	Dataset1	random	21	0.5829037497351882	0.5514101957737578	0.5252100840336135	0.48868778280542985	0.050942670810849335	0.24110859588814595	0.041233296466975676	0.6743334740717392	0.24155686795711517			PASS	04_formal_runs/random/seed_21/predictions.tsv	formal_runs/bisgtar_masked_pairloss_fixedfinal_20260706/06_metrics/BISGTAR_FIXEDFINAL_E200_RAW_METRICS.tsv		outputs/paper1_data_refresh_20260710/PAPER1_7MODEL_RAW_SEED_METRICS.tsv
Bi-SGTAR	CDA	Dataset1	random	22	0.47666125273638865	0.45907009746523875	0.4957983193277311	0.5238095238095238	-0.00846212682512989	0.2510554044322494	0.0698073918954665	0.6947261337635652	0.23886871337890625			PASS	04_formal_runs/random/seed_22/predictions.tsv	formal_runs/bisgtar_masked_pairloss_fixedfinal_20260706/06_metrics/BISGTAR_FIXEDFINAL_E200_RAW_METRICS.tsv		outputs/paper1_data_refresh_20260710/PAPER1_7MODEL_RAW_SEED_METRICS.tsv
Bi-SGTAR	CDA	Dataset1	random	23	0.5402513946755173	0.5043963049981749	0.542016806722689	0.540084388185654	0.08403658068160179	0.24988279126546756	0.04902582045863656	0.6928874339569203	0.24354632198810577			PASS	04_formal_runs/random/seed_23/predictions.tsv	formal_runs/bisgtar_masked_pairloss_fixedfinal_20260706/06_metrics/BISGTAR_FIXEDFINAL_E200_RAW_METRICS.tsv		outputs/paper1_data_refresh_20260710/PAPER1_7MODEL_RAW_SEED_METRICS.tsv
Bi-SGTAR	CDA	Dataset1	random	24	0.5422639644092931	0.5223010372025669	0.5084033613445378	0.4890829694323144	0.016854996561581053	0.24871965861274975	0.05010286098768732	0.6905295287578764	0.23962414264678955			PASS	04_formal_runs/random/seed_24/predictions.tsv	formal_runs/bisgtar_masked_pairloss_fixedfinal_20260706/06_metrics/BISGTAR_FIXEDFINAL_E200_RAW_METRICS.tsv		outputs/paper1_data_refresh_20260710/PAPER1_7MODEL_RAW_SEED_METRICS.tsv
Bi-SGTAR	CDA	Dataset1	circrna_cold	0	0.4783108302212008	0.5477634419244349	0.461864406779661	0.4773662551440329	-0.0764057447960416	0.2502605487691218	0.04580155254925709	0.6936680729851501	0.2256752997636795			PASS	04_formal_runs/circrna_cold/seed_0/predictions.tsv	formal_runs/bisgtar_masked_pairloss_fixedfinal_20260706/06_metrics/BISGTAR_FIXEDFINAL_E200_RAW_METRICS.tsv		outputs/paper1_data_refresh_20260710/PAPER1_7MODEL_RAW_SEED_METRICS.tsv
Bi-SGTAR	CDA	Dataset1	circrna_cold	1	0.5243144132653061	0.534356986900267	0.5491071428571429	0.5429864253393665	0.098249537807045	0.24993549415991761	0.041237258751477546	0.6930189924981187	0.22202147543430328			PASS	04_formal_runs/circrna_cold/seed_1/predictions.tsv	formal_runs/bisgtar_masked_pairloss_fixedfinal_20260706/06_metrics/BISGTAR_FIXEDFINAL_E200_RAW_METRICS.tsv		outputs/paper1_data_refresh_20260710/PAPER1_7MODEL_RAW_SEED_METRICS.tsv
Bi-SGTAR	CDA	Dataset1	circrna_cold	2	0.42059095106186517	0.459995765389513	0.4473684210526316	0.4661016949152542	-0.10552330820287906	0.2514131252211704	0.06039132282399294	0.6959742645186079	0.22486667335033417			PASS	04_formal_runs/circrna_cold/seed_2/predictions.tsv	formal_runs/bisgtar_masked_pairloss_fixedfinal_20260706/06_metrics/BISGTAR_FIXEDFINAL_E200_RAW_METRICS.tsv		outputs/paper1_data_refresh_20260710/PAPER1_7MODEL_RAW_SEED_METRICS.tsv
Bi-SGTAR	CDA	Dataset1	circrna_cold	3	0.5020478779747193	0.5351435720929757	0.5210084033613446	0.49557522123893805	0.04223207961007227	0.2500715683047888	0.012940936479247883	0.6932902368731224	0.2224317044019699			PASS	04_formal_runs/circrna_cold/seed_3/predictions.tsv	formal_runs/bisgtar_masked_pairloss_fixedfinal_20260706/06_metrics/BISGTAR_FIXEDFINAL_E200_RAW_METRICS.tsv		outputs/paper1_data_refresh_20260710/PAPER1_7MODEL_RAW_SEED_METRICS.tsv
Bi-SGTAR	CDA	Dataset1	circrna_cold	4	0.5508599838753023	0.5925891303847298	0.5491803278688525	0.5564516129032258	0.09841356626102457	0.249132712761648	0.04198771837304853	0.6914113939807547	0.22457104921340942			PASS	04_formal_runs/circrna_cold/seed_4/predictions.tsv	formal_runs/bisgtar_masked_pairloss_fixedfinal_20260706/06_metrics/BISGTAR_FIXEDFINAL_E200_RAW_METRICS.tsv		outputs/paper1_data_refresh_20260710/PAPER1_7MODEL_RAW_SEED_METRICS.tsv
Bi-SGTAR	CDA	Dataset1	circrna_cold	5	0.5037199467460255	0.5236943334514045	0.5353982300884956	0.5606694560669456	0.07126966450997983	0.25010492046256483	0.028147356831921905	0.6933575117449348	0.22132547199726105			PASS	04_formal_runs/circrna_cold/seed_5/predictions.tsv	formal_runs/bisgtar_masked_pairloss_fixedfinal_20260706/06_metrics/BISGTAR_FIXEDFINAL_E200_RAW_METRICS.tsv		outputs/paper1_data_refresh_20260710/PAPER1_7MODEL_RAW_SEED_METRICS.tsv
Bi-SGTAR	CDA	Dataset1	circrna_cold	6	0.5036684513186596	0.5016144963778362	0.532520325203252	0.5344129554655871	0.06504280004874372	0.2503329906508393	0.025903993021181876	0.6938140124908025	0.22551082074642181			PASS	04_formal_runs/circrna_cold/seed_6/predictions.tsv	formal_runs/bisgtar_masked_pairloss_fixedfinal_20260706/06_metrics/BISGTAR_FIXEDFINAL_E200_RAW_METRICS.tsv		outputs/paper1_data_refresh_20260710/PAPER1_7MODEL_RAW_SEED_METRICS.tsv
Bi-SGTAR	CDA	Dataset1	circrna_cold	7	0.5501605450700916	0.5494415806942359	0.5309734513274337	0.5309734513274337	0.061946902654867256	0.24921881046636055	0.023308425218658113	0.6915842454948316	0.22049225866794586			PASS	04_formal_runs/circrna_cold/seed_7/predictions.tsv	formal_runs/bisgtar_masked_pairloss_fixedfinal_20260706/06_metrics/BISGTAR_FIXEDFINAL_E200_RAW_METRICS.tsv		outputs/paper1_data_refresh_20260710/PAPER1_7MODEL_RAW_SEED_METRICS.tsv
Bi-SGTAR	CDA	Dataset1	circrna_cold	8	0.440736	0.4902850581187931	0.46	0.466403162055336	-0.08002304995805998	0.25088543240258704	0.04706475996971131	0.6949183314209547	0.22208808362483978			PASS	04_formal_runs/circrna_cold/seed_8/predictions.tsv	formal_runs/bisgtar_masked_pairloss_fixedfinal_20260706/06_metrics/BISGTAR_FIXEDFINAL_E200_RAW_METRICS.tsv		outputs/paper1_data_refresh_20260710/PAPER1_7MODEL_RAW_SEED_METRICS.tsv
Bi-SGTAR	CDA	Dataset1	circrna_cold	9	0.5442443828870421	0.5478238654245147	0.5526315789473685	0.5714285714285714	0.10567049305145203	0.24944149670011187	0.04552336076372546	0.6920297322639208	0.22578082978725433			PASS	04_formal_runs/circrna_cold/seed_9/predictions.tsv	formal_runs/bisgtar_masked_pairloss_fixedfinal_20260706/06_metrics/BISGTAR_FIXEDFINAL_E200_RAW_METRICS.tsv		outputs/paper1_data_refresh_20260710/PAPER1_7MODEL_RAW_SEED_METRICS.tsv
Bi-SGTAR	CDA	Dataset1	circrna_cold	10	0.45993133172620354	0.5040747940197638	0.47863247863247865	0.47863247863247865	-0.042735042735042736	0.25052737463752167	0.02899669582008299	0.6942020681139063	0.22622433304786682			PASS	04_formal_runs/circrna_cold/seed_10/predictions.tsv	formal_runs/bisgtar_masked_pairloss_fixedfinal_20260706/06_metrics/BISGTAR_FIXEDFINAL_E200_RAW_METRICS.tsv		outputs/paper1_data_refresh_20260710/PAPER1_7MODEL_RAW_SEED_METRICS.tsv
Bi-SGTAR	CDA	Dataset1	circrna_cold	11	0.5018360285290587	0.5066569494253699	0.46638655462184875	0.4773662551440329	-0.0672863110252489	0.25014614735946555	0.04082233727980063	0.6934403254529753	0.22425217926502228			PASS	04_formal_runs/circrna_cold/seed_11/predictions.tsv	formal_runs/bisgtar_masked_pairloss_fixedfinal_20260706/06_metrics/BISGTAR_FIXEDFINAL_E200_RAW_METRICS.tsv		outputs/paper1_data_refresh_20260710/PAPER1_7MODEL_RAW_SEED_METRICS.tsv
Bi-SGTAR	CDA	Dataset1	circrna_cold	12	0.5067186240257995	0.56623037195214	0.4959016393442623	0.5287356321839081	-0.00827747638348822	0.24986655054821041	0.011197420295144674	0.6928798884672577	0.22374819219112396			PASS	04_formal_runs/circrna_cold/seed_12/predictions.tsv	formal_runs/bisgtar_masked_pairloss_fixedfinal_20260706/06_metrics/BISGTAR_FIXEDFINAL_E200_RAW_METRICS.tsv		outputs/paper1_data_refresh_20260710/PAPER1_7MODEL_RAW_SEED_METRICS.tsv
Bi-SGTAR	CDA	Dataset1	circrna_cold	13	0.4880692709366118	0.5171216369355174	0.491869918699187	0.48559670781893005	-0.016265001215808886	0.2502334132912362	0.014997795708780374	0.6936143049270647	0.2234964519739151			PASS	04_formal_runs/circrna_cold/seed_13/predictions.tsv	formal_runs/bisgtar_masked_pairloss_fixedfinal_20260706/06_metrics/BISGTAR_FIXEDFINAL_E200_RAW_METRICS.tsv		outputs/paper1_data_refresh_20260710/PAPER1_7MODEL_RAW_SEED_METRICS.tsv
Bi-SGTAR	CDA	Dataset1	circrna_cold	14	0.5153691106072058	0.5663762628065094	0.5158730158730159	0.5378787878787878	0.03189099154899599	0.2498496092766757	0.008582434365673634	0.6928463595288584	0.2239605337381363			PASS	04_formal_runs/circrna_cold/seed_14/predictions.tsv	formal_runs/bisgtar_masked_pairloss_fixedfinal_20260706/06_metrics/BISGTAR_FIXEDFINAL_E200_RAW_METRICS.tsv		outputs/paper1_data_refresh_20260710/PAPER1_7MODEL_RAW_SEED_METRICS.tsv
Bi-SGTAR	CDA	Dataset1	circrna_cold	15	0.4666319857312723	0.5076079946709977	0.46551724137931033	0.4959349593495935	-0.06947334742918748	0.25063393170054904	0.04184215271781228	0.6944157331952286	0.22841840982437134			PASS	04_formal_runs/circrna_cold/seed_15/predictions.tsv	formal_runs/bisgtar_masked_pairloss_fixedfinal_20260706/06_metrics/BISGTAR_FIXEDFINAL_E200_RAW_METRICS.tsv		outputs/paper1_data_refresh_20260710/PAPER1_7MODEL_RAW_SEED_METRICS.tsv
Bi-SGTAR	CDA	Dataset1	circrna_cold	16	0.5277169691405974	0.5436058617084436	0.5126050420168067	0.532258064516129	0.025299570627764046	0.24962313770916275	0.004649970711780222	0.6923932655567727	0.22067829966545105			PASS	04_formal_runs/circrna_cold/seed_16/predictions.tsv	formal_runs/bisgtar_masked_pairloss_fixedfinal_20260706/06_metrics/BISGTAR_FIXEDFINAL_E200_RAW_METRICS.tsv		outputs/paper1_data_refresh_20260710/PAPER1_7MODEL_RAW_SEED_METRICS.tsv
Bi-SGTAR	CDA	Dataset1	circrna_cold	17	0.4622802734375	0.47808877111388315	0.48046875	0.5092250922509225	-0.039333515491635766	0.2508238579932824	0.026821220875717686	0.6947957022663103	0.2303742915391922			PASS	04_formal_runs/circrna_cold/seed_17/predictions.tsv	formal_runs/bisgtar_masked_pairloss_fixedfinal_20260706/06_metrics/BISGTAR_FIXEDFINAL_E200_RAW_METRICS.tsv		outputs/paper1_data_refresh_20260710/PAPER1_7MODEL_RAW_SEED_METRICS.tsv
Bi-SGTAR	CDA	Dataset1	circrna_cold	18	0.5278604005552251	0.5133569152806263	0.516260162601626	0.5258964143426295	0.032547227745205964	0.24990774556086992	0.008891795103142908	0.6929637011295873	0.22730250656604767			PASS	04_formal_runs/circrna_cold/seed_18/predictions.tsv	formal_runs/bisgtar_masked_pairloss_fixedfinal_20260706/06_metrics/BISGTAR_FIXEDFINAL_E200_RAW_METRICS.tsv		outputs/paper1_data_refresh_20260710/PAPER1_7MODEL_RAW_SEED_METRICS.tsv
Bi-SGTAR	CDA	Dataset1	circrna_cold	19	0.4763705103969754	0.5119841081377987	0.45217391304347826	0.4661016949152542	-0.09578262852211514	0.2503187817254396	0.0554194511278816	0.6937848963892137	0.2243480384349823			PASS	04_formal_runs/circrna_cold/seed_19/predictions.tsv	formal_runs/bisgtar_masked_pairloss_fixedfinal_20260706/06_metrics/BISGTAR_FIXEDFINAL_E200_RAW_METRICS.tsv		outputs/paper1_data_refresh_20260710/PAPER1_7MODEL_RAW_SEED_METRICS.tsv
Bi-SGTAR	CDA	Dataset1	circrna_cold	20	0.5274699907663897	0.5271501961631169	0.5219298245614035	0.5439330543933054	0.044065264923923174	0.24969578255186226	0.014305709877557912	0.6925388603277712	0.22391970455646515			PASS	04_formal_runs/circrna_cold/seed_20/predictions.tsv	formal_runs/bisgtar_masked_pairloss_fixedfinal_20260706/06_metrics/BISGTAR_FIXEDFINAL_E200_RAW_METRICS.tsv		outputs/paper1_data_refresh_20260710/PAPER1_7MODEL_RAW_SEED_METRICS.tsv
Bi-SGTAR	CDA	Dataset1	circrna_cold	21	0.5047607421875	0.5077206356156125	0.51171875	0.5387453874538746	0.02360010929498146	0.2505723927382496	0.004270252189599024	0.6942952007767256	0.22733330726623535			PASS	04_formal_runs/circrna_cold/seed_21/predictions.tsv	formal_runs/bisgtar_masked_pairloss_fixedfinal_20260706/06_metrics/BISGTAR_FIXEDFINAL_E200_RAW_METRICS.tsv		outputs/paper1_data_refresh_20260710/PAPER1_7MODEL_RAW_SEED_METRICS.tsv
Bi-SGTAR	CDA	Dataset1	circrna_cold	22	0.5503029336734694	0.5960948766695284	0.5491071428571429	0.5627705627705628	0.09840667431338064	0.24923502911574946	0.0403213091194629	0.6916162013994064	0.22134064137935638			PASS	04_formal_runs/circrna_cold/seed_22/predictions.tsv	formal_runs/bisgtar_masked_pairloss_fixedfinal_20260706/06_metrics/BISGTAR_FIXEDFINAL_E200_RAW_METRICS.tsv		outputs/paper1_data_refresh_20260710/PAPER1_7MODEL_RAW_SEED_METRICS.tsv
Bi-SGTAR	CDA	Dataset1	circrna_cold	23	0.4355470279583366	0.4879157211202267	0.45132743362831856	0.48760330578512395	-0.09833586964587555	0.2511174592962752	0.05572739876477069	0.6953828321606178	0.22607435286045074			PASS	04_formal_runs/circrna_cold/seed_23/predictions.tsv	formal_runs/bisgtar_masked_pairloss_fixedfinal_20260706/06_metrics/BISGTAR_FIXEDFINAL_E200_RAW_METRICS.tsv		outputs/paper1_data_refresh_20260710/PAPER1_7MODEL_RAW_SEED_METRICS.tsv
Bi-SGTAR	CDA	Dataset1	circrna_cold	24	0.4509937845775562	0.47617885850787744	0.4297520661157025	0.4566929133858268	-0.14119192256787733	0.2506343222264634	0.07688815263677234	0.6944161793878821	0.22714371979236603			PASS	04_formal_runs/circrna_cold/seed_24/predictions.tsv	formal_runs/bisgtar_masked_pairloss_fixedfinal_20260706/06_metrics/BISGTAR_FIXEDFINAL_E200_RAW_METRICS.tsv		outputs/paper1_data_refresh_20260710/PAPER1_7MODEL_RAW_SEED_METRICS.tsv
Bi-SGTAR	CDA	Dataset1	disease_cold	0	0.47931652801234337	0.5504306609232891	0.6187214611872146	0.7085514834205934	0.3015519002769958	0.2500483543122657	0.11700107340943319	0.6932439051889467	0.24686653912067413			PASS	04_formal_runs/disease_cold/seed_0/predictions.tsv	formal_runs/bisgtar_masked_pairloss_fixedfinal_20260706/06_metrics/BISGTAR_FIXEDFINAL_E200_RAW_METRICS.tsv		outputs/paper1_data_refresh_20260710/PAPER1_7MODEL_RAW_SEED_METRICS.tsv
Bi-SGTAR	CDA	Dataset1	disease_cold	1	0.506951449497829	0.5797750559439142	0.6622516556291391	0.7357512953367875	0.39050333529249576	0.24978974818789915	0.16023385041202137	0.6927265362349182	0.23550546169281006			PASS	04_formal_runs/disease_cold/seed_1/predictions.tsv	formal_runs/bisgtar_masked_pairloss_fixedfinal_20260706/06_metrics/BISGTAR_FIXEDFINAL_E200_RAW_METRICS.tsv		outputs/paper1_data_refresh_20260710/PAPER1_7MODEL_RAW_SEED_METRICS.tsv
Bi-SGTAR	CDA	Dataset1	disease_cold	2	0.470534169550173	0.551458533994394	0.6360294117647058	0.7044776119402985	0.3069825970018189	0.25026995630141496	0.13364175225005426	0.6936871704318279	0.23458197712898254			PASS	04_formal_runs/disease_cold/seed_2/predictions.tsv	formal_runs/bisgtar_masked_pairloss_fixedfinal_20260706/06_metrics/BISGTAR_FIXEDFINAL_E200_RAW_METRICS.tsv		outputs/paper1_data_refresh_20260710/PAPER1_7MODEL_RAW_SEED_METRICS.tsv
Bi-SGTAR	CDA	Dataset1	disease_cold	3	0.51955	0.5642241092898418	0.67	0.736	0.3925981830489455	0.25007517136833246	0.16736520931124688	0.693297772496445	0.22785872220993042			PASS	04_formal_runs/disease_cold/seed_3/predictions.tsv	formal_runs/bisgtar_masked_pairloss_fixedfinal_20260706/06_metrics/BISGTAR_FIXEDFINAL_E200_RAW_METRICS.tsv		outputs/paper1_data_refresh_20260710/PAPER1_7MODEL_RAW_SEED_METRICS.tsv
Bi-SGTAR	CDA	Dataset1	disease_cold	4	0.46505244583864325	0.561522617049931	0.6683168316831684	0.7471698113207547	0.43069040314741897	0.2502292715072548	0.16601304842693973	0.693605808717857	0.22810353338718414			PASS	04_formal_runs/disease_cold/seed_4/predictions.tsv	formal_runs/bisgtar_masked_pairloss_fixedfinal_20260706/06_metrics/BISGTAR_FIXEDFINAL_E200_RAW_METRICS.tsv		outputs/paper1_data_refresh_20260710/PAPER1_7MODEL_RAW_SEED_METRICS.tsv
Bi-SGTAR	CDA	Dataset1	disease_cold	5	0.408203125	0.561445643361662	0.60546875	0.7038123167155426	0.28212380637319934	0.2504148027422316	0.10330899839755153	0.6939767005285655	0.2307623326778412			PASS	04_formal_runs/disease_cold/seed_5/predictions.tsv	formal_runs/bisgtar_masked_pairloss_fixedfinal_20260706/06_metrics/BISGTAR_FIXEDFINAL_E200_RAW_METRICS.tsv		outputs/paper1_data_refresh_20260710/PAPER1_7MODEL_RAW_SEED_METRICS.tsv
Bi-SGTAR	CDA	Dataset1	disease_cold	6	0.5628411376041368	0.5942147670124388	0.690677966101695	0.7491408934707904	0.4310416013535586	0.249672389985807	0.18807161649910065	0.692491911860274	0.23057568073272705			PASS	04_formal_runs/disease_cold/seed_6/predictions.tsv	formal_runs/bisgtar_masked_pairloss_fixedfinal_20260706/06_metrics/BISGTAR_FIXEDFINAL_E200_RAW_METRICS.tsv		outputs/paper1_data_refresh_20260710/PAPER1_7MODEL_RAW_SEED_METRICS.tsv
Bi-SGTAR	CDA	Dataset1	disease_cold	7	0.5229881656804733	0.5937667857826217	0.676923076923077	0.7407407407407407	0.40652288494315475	0.24990423675420065	0.17457688198639798	0.6929556567331044	0.23136310279369354			PASS	04_formal_runs/disease_cold/seed_7/predictions.tsv	formal_runs/bisgtar_masked_pairloss_fixedfinal_20260706/06_metrics/BISGTAR_FIXEDFINAL_E200_RAW_METRICS.tsv		outputs/paper1_data_refresh_20260710/PAPER1_7MODEL_RAW_SEED_METRICS.tsv
Bi-SGTAR	CDA	Dataset1	disease_cold	8	0.42771814404432135	0.5386564045917102	0.631578947368421	0.7142857142857143	0.3227486121839514	0.2501242363586345	0.1291205777149452	0.6933955853363809	0.2205265611410141			PASS	04_formal_runs/disease_cold/seed_8/predictions.tsv	formal_runs/bisgtar_masked_pairloss_fixedfinal_20260706/06_metrics/BISGTAR_FIXEDFINAL_E200_RAW_METRICS.tsv		outputs/paper1_data_refresh_20260710/PAPER1_7MODEL_RAW_SEED_METRICS.tsv
Bi-SGTAR	CDA	Dataset1	disease_cold	9	0.4996371882086168	0.5842735446068456	0.638095238095238	0.7121212121212122	0.3220433589155053	0.24983657560336608	0.13587203834738054	0.6928202329609832	0.2271987944841385			PASS	04_formal_runs/disease_cold/seed_9/predictions.tsv	formal_runs/bisgtar_masked_pairloss_fixedfinal_20260706/06_metrics/BISGTAR_FIXEDFINAL_E200_RAW_METRICS.tsv		outputs/paper1_data_refresh_20260710/PAPER1_7MODEL_RAW_SEED_METRICS.tsv
Bi-SGTAR	CDA	Dataset1	disease_cold	10	0.5342315027629713	0.5877669951863437	0.6818181818181818	0.7436619718309859	0.41516387160441665	0.24978864487333058	0.17950376117979727	0.6927244463504195	0.2339927703142166			PASS	04_formal_runs/disease_cold/seed_10/predictions.tsv	formal_runs/bisgtar_masked_pairloss_fixedfinal_20260706/06_metrics/BISGTAR_FIXEDFINAL_E200_RAW_METRICS.tsv		outputs/paper1_data_refresh_20260710/PAPER1_7MODEL_RAW_SEED_METRICS.tsv
Bi-SGTAR	CDA	Dataset1	disease_cold	11	0.5954040642722117	0.6396854416497004	0.717391304347826	0.7636363636363637	0.472455591261534	0.24956480689594987	0.21498662994607637	0.692276713822333	0.22848394513130188			PASS	04_formal_runs/disease_cold/seed_11/predictions.tsv	formal_runs/bisgtar_masked_pairloss_fixedfinal_20260706/06_metrics/BISGTAR_FIXEDFINAL_E200_RAW_METRICS.tsv		outputs/paper1_data_refresh_20260710/PAPER1_7MODEL_RAW_SEED_METRICS.tsv
Bi-SGTAR	CDA	Dataset1	disease_cold	12	0.4260181331747919	0.5541945072423275	0.6422413793103449	0.7278688524590164	0.366057079101847	0.25033316639356235	0.14004963058336034	0.6938135463570063	0.23081830143928528			PASS	04_formal_runs/disease_cold/seed_12/predictions.tsv	formal_runs/bisgtar_masked_pairloss_fixedfinal_20260706/06_metrics/BISGTAR_FIXEDFINAL_E200_RAW_METRICS.tsv		outputs/paper1_data_refresh_20260710/PAPER1_7MODEL_RAW_SEED_METRICS.tsv
Bi-SGTAR	CDA	Dataset1	disease_cold	13	0.4556508624752569	0.5633092850937471	0.6601941747572816	0.7388059701492538	0.40121765882884264	0.2505187419213805	0.15788946351380018	0.6941848289358094	0.22966432571411133			PASS	04_formal_runs/disease_cold/seed_13/predictions.tsv	formal_runs/bisgtar_masked_pairloss_fixedfinal_20260706/06_metrics/BISGTAR_FIXEDFINAL_E200_RAW_METRICS.tsv		outputs/paper1_data_refresh_20260710/PAPER1_7MODEL_RAW_SEED_METRICS.tsv
Bi-SGTAR	CDA	Dataset1	disease_cold	14	0.5529406721536351	0.6044745288019714	0.6898148148148148	0.7527675276752768	0.441115298229104	0.2492404474211446	0.18710975486923148	0.6916277233151001	0.22778438031673431			PASS	04_formal_runs/disease_cold/seed_14/predictions.tsv	formal_runs/bisgtar_masked_pairloss_fixedfinal_20260706/06_metrics/BISGTAR_FIXEDFINAL_E200_RAW_METRICS.tsv		outputs/paper1_data_refresh_20260710/PAPER1_7MODEL_RAW_SEED_METRICS.tsv
Bi-SGTAR	CDA	Dataset1	disease_cold	15	0.4223433908748594	0.5352507408888483	0.6083916083916084	0.6989247311827957	0.2713354417204931	0.25022626971360046	0.10657529449546255	0.6935997718398916	0.2328605204820633			PASS	04_formal_runs/disease_cold/seed_15/predictions.tsv	formal_runs/bisgtar_masked_pairloss_fixedfinal_20260706/06_metrics/BISGTAR_FIXEDFINAL_E200_RAW_METRICS.tsv		outputs/paper1_data_refresh_20260710/PAPER1_7MODEL_RAW_SEED_METRICS.tsv
Bi-SGTAR	CDA	Dataset1	disease_cold	16	0.5434271149887266	0.5996928989454658	0.7128712871287128	0.768	0.4838796820112308	0.2498101658582613	0.21042187054558556	0.6927674728661415	0.2253021001815796			PASS	04_formal_runs/disease_cold/seed_16/predictions.tsv	formal_runs/bisgtar_masked_pairloss_fixedfinal_20260706/06_metrics/BISGTAR_FIXEDFINAL_E200_RAW_METRICS.tsv		outputs/paper1_data_refresh_20260710/PAPER1_7MODEL_RAW_SEED_METRICS.tsv
Bi-SGTAR	CDA	Dataset1	disease_cold	17	0.475494384765625	0.5929541929844737	0.640625	0.7160493827160493	0.3319700011034929	0.24961593327361747	0.13837885204702616	0.6923787974262263	0.22893714904785156			PASS	04_formal_runs/disease_cold/seed_17/predictions.tsv	formal_runs/bisgtar_masked_pairloss_fixedfinal_20260706/06_metrics/BISGTAR_FIXEDFINAL_E200_RAW_METRICS.tsv		outputs/paper1_data_refresh_20260710/PAPER1_7MODEL_RAW_SEED_METRICS.tsv
Bi-SGTAR	CDA	Dataset1	disease_cold	18	0.4612392775321008	0.5683815998885404	0.6459854014598541	0.7252124645892352	0.3573708449459316	0.25030622327348745	0.1440790141150899	0.6937596782885377	0.23572811484336853			PASS	04_formal_runs/disease_cold/seed_18/predictions.tsv	formal_runs/bisgtar_masked_pairloss_fixedfinal_20260706/06_metrics/BISGTAR_FIXEDFINAL_E200_RAW_METRICS.tsv		outputs/paper1_data_refresh_20260710/PAPER1_7MODEL_RAW_SEED_METRICS.tsv
Bi-SGTAR	CDA	Dataset1	disease_cold	19	0.4651692708333333	0.5802037253707155	0.6458333333333334	0.7213114754098361	0.3469771179676268	0.2503702605272016	0.1435012196501096	0.6938877003683096	0.22822532057762146			PASS	04_formal_runs/disease_cold/seed_19/predictions.tsv	formal_runs/bisgtar_masked_pairloss_fixedfinal_20260706/06_metrics/BISGTAR_FIXEDFINAL_E200_RAW_METRICS.tsv		outputs/paper1_data_refresh_20260710/PAPER1_7MODEL_RAW_SEED_METRICS.tsv
Bi-SGTAR	CDA	Dataset1	disease_cold	20	0.5335957748545161	0.5959003699690966	0.6608391608391608	0.7282913165266106	0.3705823208008377	0.24966554692567264	0.1584222308405629	0.6924781885463636	0.2337295114994049			PASS	04_formal_runs/disease_cold/seed_20/predictions.tsv	formal_runs/bisgtar_masked_pairloss_fixedfinal_20260706/06_metrics/BISGTAR_FIXEDFINAL_E200_RAW_METRICS.tsv		outputs/paper1_data_refresh_20260710/PAPER1_7MODEL_RAW_SEED_METRICS.tsv
Bi-SGTAR	CDA	Dataset1	disease_cold	21	0.5605867346938775	0.6252016105619498	0.7023809523809523	0.75	0.4377722722309141	0.2496450412097586	0.19962565955661593	0.6924373360808169	0.2274145931005478			PASS	04_formal_runs/disease_cold/seed_21/predictions.tsv	formal_runs/bisgtar_masked_pairloss_fixedfinal_20260706/06_metrics/BISGTAR_FIXEDFINAL_E200_RAW_METRICS.tsv		outputs/paper1_data_refresh_20260710/PAPER1_7MODEL_RAW_SEED_METRICS.tsv
Bi-SGTAR	CDA	Dataset1	disease_cold	22	0.4651826816619078	0.56696572885429	0.6335877862595419	0.7090909090909091	0.31258722958997526	0.25030417756907875	0.13111729692411786	0.693755574357519	0.23264674842357635			PASS	04_formal_runs/disease_cold/seed_22/predictions.tsv	formal_runs/bisgtar_masked_pairloss_fixedfinal_20260706/06_metrics/BISGTAR_FIXEDFINAL_E200_RAW_METRICS.tsv		outputs/paper1_data_refresh_20260710/PAPER1_7MODEL_RAW_SEED_METRICS.tsv
Bi-SGTAR	CDA	Dataset1	disease_cold	23	0.5132461355529132	0.6015644202967659	0.6689655172413793	0.7303370786516854	0.37952580205195635	0.2498135109971169	0.1667541875921447	0.6927741194969278	0.2325780838727951			PASS	04_formal_runs/disease_cold/seed_23/predictions.tsv	formal_runs/bisgtar_masked_pairloss_fixedfinal_20260706/06_metrics/BISGTAR_FIXEDFINAL_E200_RAW_METRICS.tsv		outputs/paper1_data_refresh_20260710/PAPER1_7MODEL_RAW_SEED_METRICS.tsv
Bi-SGTAR	CDA	Dataset1	disease_cold	24	0.5381598920559959	0.5839724272253258	0.6590909090909091	0.7341772151898734	0.3856116599165258	0.24962004926748374	0.15717328833295152	0.6923870846954824	0.23743699491024017			PASS	04_formal_runs/disease_cold/seed_24/predictions.tsv	formal_runs/bisgtar_masked_pairloss_fixedfinal_20260706/06_metrics/BISGTAR_FIXEDFINAL_E200_RAW_METRICS.tsv		outputs/paper1_data_refresh_20260710/PAPER1_7MODEL_RAW_SEED_METRICS.tsv
Bi-SGTAR	CDA	Dataset1	strict_cold	0	0.5	0.5	0.5	0.6666666666666666	0.0	0.25	0.0	0.6931471805599454	0.24386602640151978			PASS	04_formal_runs/strict_cold/seed_0/predictions.tsv	formal_runs/bisgtar_masked_pairloss_fixedfinal_20260706/06_metrics/BISGTAR_FIXEDFINAL_E200_RAW_METRICS.tsv		outputs/paper1_data_refresh_20260710/PAPER1_7MODEL_RAW_SEED_METRICS.tsv
Bi-SGTAR	CDA	Dataset1	strict_cold	1	0.5	0.5	0.5	0.6666666666666666	0.0	0.25	0.0	0.6931471805599453	0.24036549031734467			PASS	04_formal_runs/strict_cold/seed_1/predictions.tsv	formal_runs/bisgtar_masked_pairloss_fixedfinal_20260706/06_metrics/BISGTAR_FIXEDFINAL_E200_RAW_METRICS.tsv		outputs/paper1_data_refresh_20260710/PAPER1_7MODEL_RAW_SEED_METRICS.tsv
Bi-SGTAR	CDA	Dataset1	strict_cold	2	0.5	0.5	0.5	0.6666666666666666	0.0	0.25	0.0	0.6931471805599454	0.24065344035625458			PASS	04_formal_runs/strict_cold/seed_2/predictions.tsv	formal_runs/bisgtar_masked_pairloss_fixedfinal_20260706/06_metrics/BISGTAR_FIXEDFINAL_E200_RAW_METRICS.tsv		outputs/paper1_data_refresh_20260710/PAPER1_7MODEL_RAW_SEED_METRICS.tsv
Bi-SGTAR	CDA	Dataset1	strict_cold	3	0.5	0.5	0.5	0.6666666666666666	0.0	0.25	0.0	0.6931471805599453	0.22935368120670319			PASS	04_formal_runs/strict_cold/seed_3/predictions.tsv	formal_runs/bisgtar_masked_pairloss_fixedfinal_20260706/06_metrics/BISGTAR_FIXEDFINAL_E200_RAW_METRICS.tsv		outputs/paper1_data_refresh_20260710/PAPER1_7MODEL_RAW_SEED_METRICS.tsv
Bi-SGTAR	CDA	Dataset1	strict_cold	4	0.5	0.5	0.5	0.6666666666666666	0.0	0.25	0.0	0.6931471805599451	0.23253296315670013			PASS	04_formal_runs/strict_cold/seed_4/predictions.tsv	formal_runs/bisgtar_masked_pairloss_fixedfinal_20260706/06_metrics/BISGTAR_FIXEDFINAL_E200_RAW_METRICS.tsv		outputs/paper1_data_refresh_20260710/PAPER1_7MODEL_RAW_SEED_METRICS.tsv
Bi-SGTAR	CDA	Dataset1	strict_cold	5	0.5	0.5	0.5	0.6666666666666666	0.0	0.25	0.0	0.6931471805599451	0.23289057612419128			PASS	04_formal_runs/strict_cold/seed_5/predictions.tsv	formal_runs/bisgtar_masked_pairloss_fixedfinal_20260706/06_metrics/BISGTAR_FIXEDFINAL_E200_RAW_METRICS.tsv		outputs/paper1_data_refresh_20260710/PAPER1_7MODEL_RAW_SEED_METRICS.tsv
Bi-SGTAR	CDA	Dataset1	strict_cold	6	0.5	0.5	0.5	0.6666666666666666	0.0	0.25	0.0	0.6931471805599454	0.24260768294334412			PASS	04_formal_runs/strict_cold/seed_6/predictions.tsv	formal_runs/bisgtar_masked_pairloss_fixedfinal_20260706/06_metrics/BISGTAR_FIXEDFINAL_E200_RAW_METRICS.tsv		outputs/paper1_data_refresh_20260710/PAPER1_7MODEL_RAW_SEED_METRICS.tsv
Bi-SGTAR	CDA	Dataset1	strict_cold	7	0.5	0.5	0.5	0.6666666666666666	0.0	0.25	0.0	0.6931471805599454	0.24259008467197418			PASS	04_formal_runs/strict_cold/seed_7/predictions.tsv	formal_runs/bisgtar_masked_pairloss_fixedfinal_20260706/06_metrics/BISGTAR_FIXEDFINAL_E200_RAW_METRICS.tsv		outputs/paper1_data_refresh_20260710/PAPER1_7MODEL_RAW_SEED_METRICS.tsv
Bi-SGTAR	CDA	Dataset1	strict_cold	8	0.5	0.5	0.5	0.6666666666666666	0.0	0.25	0.0	0.6931471805599454	0.25126510858535767			PASS	04_formal_runs/strict_cold/seed_8/predictions.tsv	formal_runs/bisgtar_masked_pairloss_fixedfinal_20260706/06_metrics/BISGTAR_FIXEDFINAL_E200_RAW_METRICS.tsv		outputs/paper1_data_refresh_20260710/PAPER1_7MODEL_RAW_SEED_METRICS.tsv
Bi-SGTAR	CDA	Dataset1	strict_cold	9	0.5	0.5	0.5	0.6666666666666666	0.0	0.25	0.0	0.6931471805599454	0.2449570894241333			PASS	04_formal_runs/strict_cold/seed_9/predictions.tsv	formal_runs/bisgtar_masked_pairloss_fixedfinal_20260706/06_metrics/BISGTAR_FIXEDFINAL_E200_RAW_METRICS.tsv		outputs/paper1_data_refresh_20260710/PAPER1_7MODEL_RAW_SEED_METRICS.tsv
Bi-SGTAR	CDA	Dataset1	strict_cold	10	0.5	0.5	0.5	0.6666666666666666	0.0	0.25	0.0	0.6931471805599454	0.23935680091381073			PASS	04_formal_runs/strict_cold/seed_10/predictions.tsv	formal_runs/bisgtar_masked_pairloss_fixedfinal_20260706/06_metrics/BISGTAR_FIXEDFINAL_E200_RAW_METRICS.tsv		outputs/paper1_data_refresh_20260710/PAPER1_7MODEL_RAW_SEED_METRICS.tsv
Bi-SGTAR	CDA	Dataset1	strict_cold	11	0.5	0.5	0.5	0.6666666666666666	0.0	0.25	0.0	0.6931471805599451	0.23620885610580444			PASS	04_formal_runs/strict_cold/seed_11/predictions.tsv	formal_runs/bisgtar_masked_pairloss_fixedfinal_20260706/06_metrics/BISGTAR_FIXEDFINAL_E200_RAW_METRICS.tsv		outputs/paper1_data_refresh_20260710/PAPER1_7MODEL_RAW_SEED_METRICS.tsv
Bi-SGTAR	CDA	Dataset1	strict_cold	12	0.5	0.5	0.5	0.6666666666666666	0.0	0.25	0.0	0.6931471805599454	0.23934154212474823			PASS	04_formal_runs/strict_cold/seed_12/predictions.tsv	formal_runs/bisgtar_masked_pairloss_fixedfinal_20260706/06_metrics/BISGTAR_FIXEDFINAL_E200_RAW_METRICS.tsv		outputs/paper1_data_refresh_20260710/PAPER1_7MODEL_RAW_SEED_METRICS.tsv
Bi-SGTAR	CDA	Dataset1	strict_cold	13	0.5	0.5	0.5	0.6666666666666666	0.0	0.25	0.0	0.6931471805599453	0.23628784716129303			PASS	04_formal_runs/strict_cold/seed_13/predictions.tsv	formal_runs/bisgtar_masked_pairloss_fixedfinal_20260706/06_metrics/BISGTAR_FIXEDFINAL_E200_RAW_METRICS.tsv		outputs/paper1_data_refresh_20260710/PAPER1_7MODEL_RAW_SEED_METRICS.tsv
Bi-SGTAR	CDA	Dataset1	strict_cold	14	0.5	0.5	0.5	0.6666666666666666	0.0	0.25	0.0	0.6931471805599451	0.23611459136009216			PASS	04_formal_runs/strict_cold/seed_14/predictions.tsv	formal_runs/bisgtar_masked_pairloss_fixedfinal_20260706/06_metrics/BISGTAR_FIXEDFINAL_E200_RAW_METRICS.tsv		outputs/paper1_data_refresh_20260710/PAPER1_7MODEL_RAW_SEED_METRICS.tsv
Bi-SGTAR	CDA	Dataset1	strict_cold	15	0.5	0.5	0.5	0.6666666666666666	0.0	0.25	0.0	0.6931471805599451	0.235869362950325			PASS	04_formal_runs/strict_cold/seed_15/predictions.tsv	formal_runs/bisgtar_masked_pairloss_fixedfinal_20260706/06_metrics/BISGTAR_FIXEDFINAL_E200_RAW_METRICS.tsv		outputs/paper1_data_refresh_20260710/PAPER1_7MODEL_RAW_SEED_METRICS.tsv
Bi-SGTAR	CDA	Dataset1	strict_cold	16	0.5	0.5	0.5	0.6666666666666666	0.0	0.25	0.0	0.6931471805599451	0.23424264788627625			PASS	04_formal_runs/strict_cold/seed_16/predictions.tsv	formal_runs/bisgtar_masked_pairloss_fixedfinal_20260706/06_metrics/BISGTAR_FIXEDFINAL_E200_RAW_METRICS.tsv		outputs/paper1_data_refresh_20260710/PAPER1_7MODEL_RAW_SEED_METRICS.tsv
Bi-SGTAR	CDA	Dataset1	strict_cold	17	0.5	0.5	0.5	0.6666666666666666	0.0	0.25	0.0	0.6931471805599453	0.22913789749145508			PASS	04_formal_runs/strict_cold/seed_17/predictions.tsv	formal_runs/bisgtar_masked_pairloss_fixedfinal_20260706/06_metrics/BISGTAR_FIXEDFINAL_E200_RAW_METRICS.tsv		outputs/paper1_data_refresh_20260710/PAPER1_7MODEL_RAW_SEED_METRICS.tsv
Bi-SGTAR	CDA	Dataset1	strict_cold	18	0.5	0.5	0.5	0.6666666666666666	0.0	0.25	0.0	0.6931471805599454	0.24943192303180695			PASS	04_formal_runs/strict_cold/seed_18/predictions.tsv	formal_runs/bisgtar_masked_pairloss_fixedfinal_20260706/06_metrics/BISGTAR_FIXEDFINAL_E200_RAW_METRICS.tsv		outputs/paper1_data_refresh_20260710/PAPER1_7MODEL_RAW_SEED_METRICS.tsv
Bi-SGTAR	CDA	Dataset1	strict_cold	19	0.5	0.5	0.5	0.6666666666666666	0.0	0.25	0.0	0.6931471805599452	0.24253074824810028			PASS	04_formal_runs/strict_cold/seed_19/predictions.tsv	formal_runs/bisgtar_masked_pairloss_fixedfinal_20260706/06_metrics/BISGTAR_FIXEDFINAL_E200_RAW_METRICS.tsv		outputs/paper1_data_refresh_20260710/PAPER1_7MODEL_RAW_SEED_METRICS.tsv
Bi-SGTAR	CDA	Dataset1	strict_cold	20	0.5	0.5	0.5	0.6666666666666666	0.0	0.25	0.0	0.6931471805599452	0.24338850378990173			PASS	04_formal_runs/strict_cold/seed_20/predictions.tsv	formal_runs/bisgtar_masked_pairloss_fixedfinal_20260706/06_metrics/BISGTAR_FIXEDFINAL_E200_RAW_METRICS.tsv		outputs/paper1_data_refresh_20260710/PAPER1_7MODEL_RAW_SEED_METRICS.tsv
Bi-SGTAR	CDA	Dataset1	strict_cold	21	0.5	0.5	0.5	0.6666666666666666	0.0	0.25	0.0	0.6931471805599453	0.2486337274312973			PASS	04_formal_runs/strict_cold/seed_21/predictions.tsv	formal_runs/bisgtar_masked_pairloss_fixedfinal_20260706/06_metrics/BISGTAR_FIXEDFINAL_E200_RAW_METRICS.tsv		outputs/paper1_data_refresh_20260710/PAPER1_7MODEL_RAW_SEED_METRICS.tsv
Bi-SGTAR	CDA	Dataset1	strict_cold	22	0.5	0.5	0.5	0.6666666666666666	0.0	0.25	0.0	0.6931471805599452	0.23969006538391113			PASS	04_formal_runs/strict_cold/seed_22/predictions.tsv	formal_runs/bisgtar_masked_pairloss_fixedfinal_20260706/06_metrics/BISGTAR_FIXEDFINAL_E200_RAW_METRICS.tsv		outputs/paper1_data_refresh_20260710/PAPER1_7MODEL_RAW_SEED_METRICS.tsv
Bi-SGTAR	CDA	Dataset1	strict_cold	23	0.5	0.5	0.5	0.6666666666666666	0.0	0.25	0.0	0.6931471805599451	0.23441803455352783			PASS	04_formal_runs/strict_cold/seed_23/predictions.tsv	formal_runs/bisgtar_masked_pairloss_fixedfinal_20260706/06_metrics/BISGTAR_FIXEDFINAL_E200_RAW_METRICS.tsv		outputs/paper1_data_refresh_20260710/PAPER1_7MODEL_RAW_SEED_METRICS.tsv
Bi-SGTAR	CDA	Dataset1	strict_cold	24	0.5	0.5	0.5	0.6666666666666666	0.0	0.25	0.0	0.6931471805599451	0.239409938454628			PASS	04_formal_runs/strict_cold/seed_24/predictions.tsv	formal_runs/bisgtar_masked_pairloss_fixedfinal_20260706/06_metrics/BISGTAR_FIXEDFINAL_E200_RAW_METRICS.tsv		outputs/paper1_data_refresh_20260710/PAPER1_7MODEL_RAW_SEED_METRICS.tsv
MSMCDA	CDA	CircR2Disease	random	0	0.935621301775148	0.8990674332552722	0.9	0.9044117647058824	0.8034302205918255	0.1061421465852179	0.1468536501607069	0.3716778006821639	0.3716778006821638			PASS	formal_runs/cda_msmcda_corrected_fullmetric_20260619/runs/random/seed_00	formal_runs/cda_msmcda_corrected_fullmetric_20260619/MSMCDA_CORRECTED_FULL100_RAW_METRICS.tsv		outputs/paper1_data_refresh_20260710/PAPER1_7MODEL_RAW_SEED_METRICS.tsv
MSMCDA	CDA	CircR2Disease	random	1	0.9525443786982248	0.9162506333659683	0.8923076923076924	0.8931297709923665	0.7847082549932461	0.0920454480890092	0.1455800167786387	0.3343752749664496	0.3343752749664496			PASS	formal_runs/cda_msmcda_corrected_fullmetric_20260619/runs/random/seed_01	formal_runs/cda_msmcda_corrected_fullmetric_20260619/MSMCDA_CORRECTED_FULL100_RAW_METRICS.tsv		outputs/paper1_data_refresh_20260710/PAPER1_7MODEL_RAW_SEED_METRICS.tsv
MSMCDA	CDA	CircR2Disease	random	2	0.9396449704142013	0.917935405258088	0.8615384615384616	0.8714285714285714	0.7317890075118315	0.1036837997862914	0.1174334071719875	0.356914676541513	0.356914676541513			PASS	formal_runs/cda_msmcda_corrected_fullmetric_20260619/runs/random/seed_02	formal_runs/cda_msmcda_corrected_fullmetric_20260619/MSMCDA_CORRECTED_FULL100_RAW_METRICS.tsv		outputs/paper1_data_refresh_20260710/PAPER1_7MODEL_RAW_SEED_METRICS.tsv
MSMCDA	CDA	CircR2Disease	random	3	0.9299408284023668	0.9219915677628862	0.7653846153846153	0.7214611872146118	0.5593144405486671	0.1394396460415037	0.1608867762610316	0.4322448890431904	0.4322448890431904			PASS	formal_runs/cda_msmcda_corrected_fullmetric_20260619/runs/random/seed_03	formal_runs/cda_msmcda_corrected_fullmetric_20260619/MSMCDA_CORRECTED_FULL100_RAW_METRICS.tsv		outputs/paper1_data_refresh_20260710/PAPER1_7MODEL_RAW_SEED_METRICS.tsv
MSMCDA	CDA	CircR2Disease	random	4	0.9042011834319528	0.825652829641059	0.8576923076923076	0.8673835125448028	0.7231498907947804	0.1223789367392139	0.1215721228876366	0.4127972700780694	0.4127972700780694			PASS	formal_runs/cda_msmcda_corrected_fullmetric_20260619/runs/random/seed_04	formal_runs/cda_msmcda_corrected_fullmetric_20260619/MSMCDA_CORRECTED_FULL100_RAW_METRICS.tsv		outputs/paper1_data_refresh_20260710/PAPER1_7MODEL_RAW_SEED_METRICS.tsv
MSMCDA	CDA	CircR2Disease	random	5	0.9437869822485208	0.9097691464434694	0.9153846153846154	0.917910447761194	0.8323467669267418	0.0914641611502592	0.1418309584976388	0.3369026995972077	0.3369026995972077			PASS	formal_runs/cda_msmcda_corrected_fullmetric_20260619/runs/random/seed_05	formal_runs/cda_msmcda_corrected_fullmetric_20260619/MSMCDA_CORRECTED_FULL100_RAW_METRICS.tsv		outputs/paper1_data_refresh_20260710/PAPER1_7MODEL_RAW_SEED_METRICS.tsv
MSMCDA	CDA	CircR2Disease	random	6	0.93301775147929	0.9281509682212338	0.8576923076923076	0.8614232209737828	0.7164239721111795	0.108661362433274	0.1020087014024074	0.3702180184264839	0.3702180184264839			PASS	formal_runs/cda_msmcda_corrected_fullmetric_20260619/runs/random/seed_06	formal_runs/cda_msmcda_corrected_fullmetric_20260619/MSMCDA_CORRECTED_FULL100_RAW_METRICS.tsv		outputs/paper1_data_refresh_20260710/PAPER1_7MODEL_RAW_SEED_METRICS.tsv
MSMCDA	CDA	CircR2Disease	random	7	0.9185798816568048	0.8876722080251941	0.8923076923076924	0.8955223880597015	0.7861052798752562	0.1070096409564701	0.1424637562237106	0.3788716069800866	0.3788716069800866			PASS	formal_runs/cda_msmcda_corrected_fullmetric_20260619/runs/random/seed_07	formal_runs/cda_msmcda_corrected_fullmetric_20260619/MSMCDA_CORRECTED_FULL100_RAW_METRICS.tsv		outputs/paper1_data_refresh_20260710/PAPER1_7MODEL_RAW_SEED_METRICS.tsv
MSMCDA	CDA	CircR2Disease	random	8	0.8698816568047338	0.8429903328973147	0.8	0.803030303030303	0.6002842255014931	0.1461442252206047	0.0829807023589428	0.4582273389491643	0.4582273389491643			PASS	formal_runs/cda_msmcda_corrected_fullmetric_20260619/runs/random/seed_08	formal_runs/cda_msmcda_corrected_fullmetric_20260619/MSMCDA_CORRECTED_FULL100_RAW_METRICS.tsv		outputs/paper1_data_refresh_20260710/PAPER1_7MODEL_RAW_SEED_METRICS.tsv
MSMCDA	CDA	CircR2Disease	random	9	0.9514201183431952	0.923856596702024	0.8769230769230769	0.8823529411764706	0.7570784770961432	0.1009566802663246	0.1388272113095109	0.3579426607722806	0.3579426607722806			PASS	formal_runs/cda_msmcda_corrected_fullmetric_20260619/runs/random/seed_09	formal_runs/cda_msmcda_corrected_fullmetric_20260619/MSMCDA_CORRECTED_FULL100_RAW_METRICS.tsv		outputs/paper1_data_refresh_20260710/PAPER1_7MODEL_RAW_SEED_METRICS.tsv
MSMCDA	CDA	CircR2Disease	random	10	0.9302958579881656	0.9031593729498084	0.8807692307692307	0.8847583643122676	0.7633700367119739	0.106125969300265	0.1061997070478705	0.3672808183110667	0.3672808183110667			PASS	formal_runs/cda_msmcda_corrected_fullmetric_20260619/runs/random/seed_10	formal_runs/cda_msmcda_corrected_fullmetric_20260619/MSMCDA_CORRECTED_FULL100_RAW_METRICS.tsv		outputs/paper1_data_refresh_20260710/PAPER1_7MODEL_RAW_SEED_METRICS.tsv
MSMCDA	CDA	CircR2Disease	random	11	0.9308875739644972	0.9295220974365868	0.8384615384615385	0.8173913043478261	0.6957010852370434	0.1407102385151151	0.1525310921912583	0.4474753845591522	0.4474753845591522			PASS	formal_runs/cda_msmcda_corrected_fullmetric_20260619/runs/random/seed_11	formal_runs/cda_msmcda_corrected_fullmetric_20260619/MSMCDA_CORRECTED_FULL100_RAW_METRICS.tsv		outputs/paper1_data_refresh_20260710/PAPER1_7MODEL_RAW_SEED_METRICS.tsv
MSMCDA	CDA	CircR2Disease	random	12	0.9268047337278108	0.9076036116315318	0.8576923076923076	0.8582375478927203	0.7154057815492542	0.1113841418934377	0.1109029256738722	0.3817375367521451	0.3817375367521451			PASS	formal_runs/cda_msmcda_corrected_fullmetric_20260619/runs/random/seed_12	formal_runs/cda_msmcda_corrected_fullmetric_20260619/MSMCDA_CORRECTED_FULL100_RAW_METRICS.tsv		outputs/paper1_data_refresh_20260710/PAPER1_7MODEL_RAW_SEED_METRICS.tsv
MSMCDA	CDA	CircR2Disease	random	13	0.9532544378698224	0.9568065645088902	0.8846153846153846	0.8863636363636364	0.7695951608993501	0.0959747686027192	0.1084183229034981	0.3387799582660825	0.3387799582660825			PASS	formal_runs/cda_msmcda_corrected_fullmetric_20260619/runs/random/seed_13	formal_runs/cda_msmcda_corrected_fullmetric_20260619/MSMCDA_CORRECTED_FULL100_RAW_METRICS.tsv		outputs/paper1_data_refresh_20260710/PAPER1_7MODEL_RAW_SEED_METRICS.tsv
MSMCDA	CDA	CircR2Disease	random	14	0.9194674556213016	0.9096897686858232	0.8423076923076923	0.8379446640316206	0.6856100378268276	0.1229036972580403	0.1004712974151166	0.3973582445880215	0.3973582445880215			PASS	formal_runs/cda_msmcda_corrected_fullmetric_20260619/runs/random/seed_14	formal_runs/cda_msmcda_corrected_fullmetric_20260619/MSMCDA_CORRECTED_FULL100_RAW_METRICS.tsv		outputs/paper1_data_refresh_20260710/PAPER1_7MODEL_RAW_SEED_METRICS.tsv
MSMCDA	CDA	CircR2Disease	random	15	0.9550295857988166	0.926324269977266	0.8923076923076924	0.8962962962962963	0.7869470848066688	0.0949200803668514	0.1704901137031041	0.3436358914481924	0.3436358914481924			PASS	formal_runs/cda_msmcda_corrected_fullmetric_20260619/runs/random/seed_15	formal_runs/cda_msmcda_corrected_fullmetric_20260619/MSMCDA_CORRECTED_FULL100_RAW_METRICS.tsv		outputs/paper1_data_refresh_20260710/PAPER1_7MODEL_RAW_SEED_METRICS.tsv
MSMCDA	CDA	CircR2Disease	random	16	0.9446153846153844	0.9214238304476564	0.8692307692307693	0.8794326241134752	0.7492686492653551	0.1082609749099356	0.1472303393655098	0.3756993812435257	0.3756993812435256			PASS	formal_runs/cda_msmcda_corrected_fullmetric_20260619/runs/random/seed_16	formal_runs/cda_msmcda_corrected_fullmetric_20260619/MSMCDA_CORRECTED_FULL100_RAW_METRICS.tsv		outputs/paper1_data_refresh_20260710/PAPER1_7MODEL_RAW_SEED_METRICS.tsv
MSMCDA	CDA	CircR2Disease	random	17	0.9096449704142012	0.8926319942616618	0.8576923076923076	0.8582375478927203	0.7154057815492542	0.1281097311611488	0.115888661903759	0.428206014628231	0.428206014628231			PASS	formal_runs/cda_msmcda_corrected_fullmetric_20260619/runs/random/seed_17	formal_runs/cda_msmcda_corrected_fullmetric_20260619/MSMCDA_CORRECTED_FULL100_RAW_METRICS.tsv		outputs/paper1_data_refresh_20260710/PAPER1_7MODEL_RAW_SEED_METRICS.tsv
MSMCDA	CDA	CircR2Disease	random	18	0.9610650887573964	0.9445248794096576	0.9076923076923076	0.9111111111111112	0.8178077547990872	0.0928430703367722	0.1590609569818927	0.3408400529268207	0.3408400529268207			PASS	formal_runs/cda_msmcda_corrected_fullmetric_20260619/runs/random/seed_18	formal_runs/cda_msmcda_corrected_fullmetric_20260619/MSMCDA_CORRECTED_FULL100_RAW_METRICS.tsv		outputs/paper1_data_refresh_20260710/PAPER1_7MODEL_RAW_SEED_METRICS.tsv
MSMCDA	CDA	CircR2Disease	random	19	0.9426627218934912	0.8905094419807749	0.9192307692307692	0.9195402298850576	0.8384863461168678	0.1125798225310291	0.1931881787971808	0.390042935028438	0.390042935028438			PASS	formal_runs/cda_msmcda_corrected_fullmetric_20260619/runs/random/seed_19	formal_runs/cda_msmcda_corrected_fullmetric_20260619/MSMCDA_CORRECTED_FULL100_RAW_METRICS.tsv		outputs/paper1_data_refresh_20260710/PAPER1_7MODEL_RAW_SEED_METRICS.tsv
MSMCDA	CDA	CircR2Disease	random	20	0.94792899408284	0.9338171120932144	0.9115384615384616	0.9111969111969112	0.8231012755459161	0.0912055292130655	0.1463026447794758	0.3360071020293473	0.3360071020293473			PASS	formal_runs/cda_msmcda_corrected_fullmetric_20260619/runs/random/seed_20	formal_runs/cda_msmcda_corrected_fullmetric_20260619/MSMCDA_CORRECTED_FULL100_RAW_METRICS.tsv		outputs/paper1_data_refresh_20260710/PAPER1_7MODEL_RAW_SEED_METRICS.tsv
MSMCDA	CDA	CircR2Disease	random	21	0.8918934911242603	0.8773245539626968	0.7961538461538461	0.7725321888412017	0.6055113478143513	0.1510660391445729	0.1074504861966348	0.4669298136211393	0.4669298136211393			PASS	formal_runs/cda_msmcda_corrected_fullmetric_20260619/runs/random/seed_21	formal_runs/cda_msmcda_corrected_fullmetric_20260619/MSMCDA_CORRECTED_FULL100_RAW_METRICS.tsv		outputs/paper1_data_refresh_20260710/PAPER1_7MODEL_RAW_SEED_METRICS.tsv
MSMCDA	CDA	CircR2Disease	random	22	0.9480473372781066	0.9555421281275044	0.9	0.8992248062015504	0.8000946913656628	0.0902853171350202	0.1498305245087697	0.3312922770607923	0.3312922770607923			PASS	formal_runs/cda_msmcda_corrected_fullmetric_20260619/runs/random/seed_22	formal_runs/cda_msmcda_corrected_fullmetric_20260619/MSMCDA_CORRECTED_FULL100_RAW_METRICS.tsv		outputs/paper1_data_refresh_20260710/PAPER1_7MODEL_RAW_SEED_METRICS.tsv
MSMCDA	CDA	CircR2Disease	random	23	0.90905325443787	0.8671384592870934	0.8461538461538461	0.8449612403100775	0.6923896367587467	0.1264044228674819	0.1313356487438655	0.4126083364108445	0.4126083364108445			PASS	formal_runs/cda_msmcda_corrected_fullmetric_20260619/runs/random/seed_23	formal_runs/cda_msmcda_corrected_fullmetric_20260619/MSMCDA_CORRECTED_FULL100_RAW_METRICS.tsv		outputs/paper1_data_refresh_20260710/PAPER1_7MODEL_RAW_SEED_METRICS.tsv
MSMCDA	CDA	CircR2Disease	random	24	0.922189349112426	0.8661799165767128	0.8769230769230769	0.8823529411764706	0.7570784770961432	0.1095208616297765	0.139980979120502	0.3793794650328104	0.3793794650328104			PASS	formal_runs/cda_msmcda_corrected_fullmetric_20260619/runs/random/seed_24	formal_runs/cda_msmcda_corrected_fullmetric_20260619/MSMCDA_CORRECTED_FULL100_RAW_METRICS.tsv		outputs/paper1_data_refresh_20260710/PAPER1_7MODEL_RAW_SEED_METRICS.tsv
MSMCDA	CDA	CircR2Disease	circRNA_cold	0	0.9457490822213158	0.9064770947019716	0.916030534351145	0.9197080291970804	0.8355741551606322	0.102555704276508	0.1668123857523421	0.3640834995424254	0.3640834995424254			PASS	formal_runs/cda_msmcda_corrected_fullmetric_20260619/runs/circRNA_cold/seed_00	formal_runs/cda_msmcda_corrected_fullmetric_20260619/MSMCDA_CORRECTED_FULL100_RAW_METRICS.tsv		outputs/paper1_data_refresh_20260710/PAPER1_7MODEL_RAW_SEED_METRICS.tsv
MSMCDA	CDA	CircR2Disease	circRNA_cold	1	0.97283935546875	0.9440105277996756	0.92578125	0.9309090909090908	0.861101967620244	0.0808796682392596	0.1691979186653043	0.3082110074148177	0.3082110074148177			PASS	formal_runs/cda_msmcda_corrected_fullmetric_20260619/runs/circRNA_cold/seed_01	formal_runs/cda_msmcda_corrected_fullmetric_20260619/MSMCDA_CORRECTED_FULL100_RAW_METRICS.tsv		outputs/paper1_data_refresh_20260710/PAPER1_7MODEL_RAW_SEED_METRICS.tsv
MSMCDA	CDA	CircR2Disease	circRNA_cold	2	0.9061038093116508	0.9051672898907016	0.8544776119402985	0.8550185873605948	0.7089749661627712	0.1202020310548641	0.1115551320696944	0.4039982200447986	0.4039982200447986			PASS	formal_runs/cda_msmcda_corrected_fullmetric_20260619/runs/circRNA_cold/seed_02	formal_runs/cda_msmcda_corrected_fullmetric_20260619/MSMCDA_CORRECTED_FULL100_RAW_METRICS.tsv		outputs/paper1_data_refresh_20260710/PAPER1_7MODEL_RAW_SEED_METRICS.tsv
MSMCDA	CDA	CircR2Disease	circRNA_cold	3	0.9171058342116684	0.8658616246493489	0.8700787401574803	0.8764044943820225	0.7440659145620316	0.1165843607404269	0.1194430141614412	0.391457688205507	0.391457688205507			PASS	formal_runs/cda_msmcda_corrected_fullmetric_20260619/runs/circRNA_cold/seed_03	formal_runs/cda_msmcda_corrected_fullmetric_20260619/MSMCDA_CORRECTED_FULL100_RAW_METRICS.tsv		outputs/paper1_data_refresh_20260710/PAPER1_7MODEL_RAW_SEED_METRICS.tsv
MSMCDA	CDA	CircR2Disease	circRNA_cold	4	0.8949654711517041	0.8809944634783664	0.8246268656716418	0.8290909090909091	0.6501414204958249	0.1324180817331963	0.0771920151813928	0.4253766848503109	0.4253766848503109			PASS	formal_runs/cda_msmcda_corrected_fullmetric_20260619/runs/circRNA_cold/seed_04	formal_runs/cda_msmcda_corrected_fullmetric_20260619/MSMCDA_CORRECTED_FULL100_RAW_METRICS.tsv		outputs/paper1_data_refresh_20260710/PAPER1_7MODEL_RAW_SEED_METRICS.tsv
MSMCDA	CDA	CircR2Disease	circRNA_cold	5	0.962496	0.9564186905183426	0.892	0.898876404494382	0.7913525857487984	0.0944471382987134	0.1632334896326065	0.3400280609177369	0.3400280609177369			PASS	formal_runs/cda_msmcda_corrected_fullmetric_20260619/runs/circRNA_cold/seed_05	formal_runs/cda_msmcda_corrected_fullmetric_20260619/MSMCDA_CORRECTED_FULL100_RAW_METRICS.tsv		outputs/paper1_data_refresh_20260710/PAPER1_7MODEL_RAW_SEED_METRICS.tsv
MSMCDA	CDA	CircR2Disease	circRNA_cold	6	0.9012958025916052	0.8380492860016174	0.8503937007874016	0.8602941176470589	0.7079339769071699	0.1277895080491727	0.1310182205276695	0.4235973826129186	0.4235973826129186			PASS	formal_runs/cda_msmcda_corrected_fullmetric_20260619/runs/circRNA_cold/seed_06	formal_runs/cda_msmcda_corrected_fullmetric_20260619/MSMCDA_CORRECTED_FULL100_RAW_METRICS.tsv		outputs/paper1_data_refresh_20260710/PAPER1_7MODEL_RAW_SEED_METRICS.tsv
MSMCDA	CDA	CircR2Disease	circRNA_cold	7	0.974375	0.9655350169007454	0.9208333333333332	0.924901185770751	0.8466495160297826	0.0804879783297626	0.1529451011524846	0.302950821831755	0.302950821831755			PASS	formal_runs/cda_msmcda_corrected_fullmetric_20260619/runs/circRNA_cold/seed_07	formal_runs/cda_msmcda_corrected_fullmetric_20260619/MSMCDA_CORRECTED_FULL100_RAW_METRICS.tsv		outputs/paper1_data_refresh_20260710/PAPER1_7MODEL_RAW_SEED_METRICS.tsv
MSMCDA	CDA	CircR2Disease	circRNA_cold	8	0.7730609006149575	0.6847677332390972	0.8098591549295775	0.8111888111888111	0.6197797868009122	0.1845295373982869	0.1934494289709849	0.7602248683478322	0.7602248683478322			PASS	formal_runs/cda_msmcda_corrected_fullmetric_20260619/runs/circRNA_cold/seed_08	formal_runs/cda_msmcda_corrected_fullmetric_20260619/MSMCDA_CORRECTED_FULL100_RAW_METRICS.tsv		outputs/paper1_data_refresh_20260710/PAPER1_7MODEL_RAW_SEED_METRICS.tsv
MSMCDA	CDA	CircR2Disease	circRNA_cold	9	0.976997953995908	0.9571853533892346	0.9251968503937008	0.9283018867924528	0.8536015945152168	0.0737956729807914	0.1412425727224138	0.284873936679304	0.284873936679304			PASS	formal_runs/cda_msmcda_corrected_fullmetric_20260619/runs/circRNA_cold/seed_09	formal_runs/cda_msmcda_corrected_fullmetric_20260619/MSMCDA_CORRECTED_FULL100_RAW_METRICS.tsv		outputs/paper1_data_refresh_20260710/PAPER1_7MODEL_RAW_SEED_METRICS.tsv
MSMCDA	CDA	CircR2Disease	circRNA_cold	10	0.9626480221718318	0.9638222798990572	0.9126984126984128	0.9166666666666666	0.8291657802738958	0.0867475429895759	0.1323427000777825	0.3211589625236657	0.3211589625236657			PASS	formal_runs/cda_msmcda_corrected_fullmetric_20260619/runs/circRNA_cold/seed_10	formal_runs/cda_msmcda_corrected_fullmetric_20260619/MSMCDA_CORRECTED_FULL100_RAW_METRICS.tsv		outputs/paper1_data_refresh_20260710/PAPER1_7MODEL_RAW_SEED_METRICS.tsv
MSMCDA	CDA	CircR2Disease	circRNA_cold	11	0.944832	0.9053499728285443	0.904	0.9104477611940298	0.816509921394211	0.0986478191996659	0.1432051007375121	0.3465523328214332	0.3465523328214332			PASS	formal_runs/cda_msmcda_corrected_fullmetric_20260619/runs/circRNA_cold/seed_11	formal_runs/cda_msmcda_corrected_fullmetric_20260619/MSMCDA_CORRECTED_FULL100_RAW_METRICS.tsv		outputs/paper1_data_refresh_20260710/PAPER1_7MODEL_RAW_SEED_METRICS.tsv
MSMCDA	CDA	CircR2Disease	circRNA_cold	12	0.9533038501560874	0.9089506256699168	0.9112903225806452	0.916030534351145	0.8278740810480458	0.0887366220414457	0.1486641221319235	0.3275356821652896	0.3275356821652896			PASS	formal_runs/cda_msmcda_corrected_fullmetric_20260619/runs/circRNA_cold/seed_12	formal_runs/cda_msmcda_corrected_fullmetric_20260619/MSMCDA_CORRECTED_FULL100_RAW_METRICS.tsv		outputs/paper1_data_refresh_20260710/PAPER1_7MODEL_RAW_SEED_METRICS.tsv
MSMCDA	CDA	CircR2Disease	circRNA_cold	13	0.8517643352236925	0.7994127902676876	0.8442028985507246	0.8458781362007168	0.6885685215564111	0.1401887194433586	0.1794226981928923	0.5094847699694348	0.5094847699694348			PASS	formal_runs/cda_msmcda_corrected_fullmetric_20260619/runs/circRNA_cold/seed_13	formal_runs/cda_msmcda_corrected_fullmetric_20260619/MSMCDA_CORRECTED_FULL100_RAW_METRICS.tsv		outputs/paper1_data_refresh_20260710/PAPER1_7MODEL_RAW_SEED_METRICS.tsv
MSMCDA	CDA	CircR2Disease	circRNA_cold	14	0.9482002283516616	0.930126358762961	0.8604651162790697	0.8741258741258742	0.7385373018896195	0.1094503964871503	0.1440523788766112	0.3693650531252953	0.3693650531252953			PASS	formal_runs/cda_msmcda_corrected_fullmetric_20260619/runs/circRNA_cold/seed_14	formal_runs/cda_msmcda_corrected_fullmetric_20260619/MSMCDA_CORRECTED_FULL100_RAW_METRICS.tsv		outputs/paper1_data_refresh_20260710/PAPER1_7MODEL_RAW_SEED_METRICS.tsv
MSMCDA	CDA	CircR2Disease	circRNA_cold	15	0.91782188615837	0.8799741590375331	0.8768115942028986	0.8811188811188811	0.7556096518348253	0.1061152981869546	0.1422813266745188	0.3811326219909228	0.3811326219909228			PASS	formal_runs/cda_msmcda_corrected_fullmetric_20260619/runs/circRNA_cold/seed_15	formal_runs/cda_msmcda_corrected_fullmetric_20260619/MSMCDA_CORRECTED_FULL100_RAW_METRICS.tsv		outputs/paper1_data_refresh_20260710/PAPER1_7MODEL_RAW_SEED_METRICS.tsv
MSMCDA	CDA	CircR2Disease	circRNA_cold	16	0.886432350718065	0.8146036736606903	0.8373015873015873	0.8540925266903915	0.6932138155579985	0.1333825553304752	0.106662566751419	0.4364243884091052	0.4364243884091052			PASS	formal_runs/cda_msmcda_corrected_fullmetric_20260619/runs/circRNA_cold/seed_16	formal_runs/cda_msmcda_corrected_fullmetric_20260619/MSMCDA_CORRECTED_FULL100_RAW_METRICS.tsv		outputs/paper1_data_refresh_20260710/PAPER1_7MODEL_RAW_SEED_METRICS.tsv
MSMCDA	CDA	CircR2Disease	circRNA_cold	17	0.92032	0.8568352952671754	0.892	0.8973384030418251	0.7882745788075389	0.1053582872502493	0.1305319237932563	0.3722021222924729	0.3722021222924729			PASS	formal_runs/cda_msmcda_corrected_fullmetric_20260619/runs/circRNA_cold/seed_17	formal_runs/cda_msmcda_corrected_fullmetric_20260619/MSMCDA_CORRECTED_FULL100_RAW_METRICS.tsv		outputs/paper1_data_refresh_20260710/PAPER1_7MODEL_RAW_SEED_METRICS.tsv
MSMCDA	CDA	CircR2Disease	circRNA_cold	18	0.9669016957053784	0.9182100825340463	0.9198473282442748	0.924187725631769	0.8452540544873491	0.0821949118155664	0.1565910260413439	0.3149989675072039	0.3149989675072039			PASS	formal_runs/cda_msmcda_corrected_fullmetric_20260619/runs/circRNA_cold/seed_18	formal_runs/cda_msmcda_corrected_fullmetric_20260619/MSMCDA_CORRECTED_FULL100_RAW_METRICS.tsv		outputs/paper1_data_refresh_20260710/PAPER1_7MODEL_RAW_SEED_METRICS.tsv
MSMCDA	CDA	CircR2Disease	circRNA_cold	19	0.8804889090086011	0.8384904353378364	0.8900709219858156	0.8904593639575972	0.7801614649986328	0.1235554675478741	0.1633856933537527	0.4345166159712426	0.4345166159712426			PASS	formal_runs/cda_msmcda_corrected_fullmetric_20260619/runs/circRNA_cold/seed_19	formal_runs/cda_msmcda_corrected_fullmetric_20260619/MSMCDA_CORRECTED_FULL100_RAW_METRICS.tsv		outputs/paper1_data_refresh_20260710/PAPER1_7MODEL_RAW_SEED_METRICS.tsv
MSMCDA	CDA	CircR2Disease	circRNA_cold	20	0.9254612180122992	0.9429538215410752	0.8908450704225352	0.89198606271777	0.7818646490581266	0.1081800315809996	0.1592570368305478	0.3874773237218449	0.387477323721845			PASS	formal_runs/cda_msmcda_corrected_fullmetric_20260619/runs/circRNA_cold/seed_20	formal_runs/cda_msmcda_corrected_fullmetric_20260619/MSMCDA_CORRECTED_FULL100_RAW_METRICS.tsv		outputs/paper1_data_refresh_20260710/PAPER1_7MODEL_RAW_SEED_METRICS.tsv
MSMCDA	CDA	CircR2Disease	circRNA_cold	21	0.8934217868435737	0.8161922263065098	0.8543307086614174	0.8603773584905661	0.7113346620960139	0.136899059851762	0.1486386257759112	0.4393237097853181	0.4393237097853181			PASS	formal_runs/cda_msmcda_corrected_fullmetric_20260619/runs/circRNA_cold/seed_21	formal_runs/cda_msmcda_corrected_fullmetric_20260619/MSMCDA_CORRECTED_FULL100_RAW_METRICS.tsv		outputs/paper1_data_refresh_20260710/PAPER1_7MODEL_RAW_SEED_METRICS.tsv
MSMCDA	CDA	CircR2Disease	circRNA_cold	22	0.987968	0.9897582760246818	0.932	0.933852140077821	0.8653579467266825	0.0706029018673645	0.181364422366023	0.2826002157729674	0.2826002157729674			PASS	formal_runs/cda_msmcda_corrected_fullmetric_20260619/runs/circRNA_cold/seed_22	formal_runs/cda_msmcda_corrected_fullmetric_20260619/MSMCDA_CORRECTED_FULL100_RAW_METRICS.tsv		outputs/paper1_data_refresh_20260710/PAPER1_7MODEL_RAW_SEED_METRICS.tsv
MSMCDA	CDA	CircR2Disease	circRNA_cold	23	0.9229224058769512	0.89170821549304	0.8371212121212122	0.8571428571428571	0.7024005641198362	0.1235504705728611	0.1502022828878552	0.4064060037725389	0.4064060037725389			PASS	formal_runs/cda_msmcda_corrected_fullmetric_20260619/runs/circRNA_cold/seed_23	formal_runs/cda_msmcda_corrected_fullmetric_20260619/MSMCDA_CORRECTED_FULL100_RAW_METRICS.tsv		outputs/paper1_data_refresh_20260710/PAPER1_7MODEL_RAW_SEED_METRICS.tsv
MSMCDA	CDA	CircR2Disease	circRNA_cold	24	0.8973836023541754	0.917378100998162	0.8702290076335878	0.8721804511278195	0.740803438583074	0.1196475147306981	0.1548717263570581	0.4470522642858569	0.4470522642858569			PASS	formal_runs/cda_msmcda_corrected_fullmetric_20260619/runs/circRNA_cold/seed_24	formal_runs/cda_msmcda_corrected_fullmetric_20260619/MSMCDA_CORRECTED_FULL100_RAW_METRICS.tsv		outputs/paper1_data_refresh_20260710/PAPER1_7MODEL_RAW_SEED_METRICS.tsv
MSMCDA	CDA	CircR2Disease	disease_cold	0	0.7703729583369726	0.8032739745739579	0.7149532710280374	0.6303030303030303	0.483594703560857	0.2212097372559278	0.2184089326125512	0.6847167507991823	0.6847167507991823			PASS	formal_runs/cda_msmcda_corrected_fullmetric_20260619/runs/disease_cold/seed_00	formal_runs/cda_msmcda_corrected_fullmetric_20260619/MSMCDA_CORRECTED_FULL100_RAW_METRICS.tsv		outputs/paper1_data_refresh_20260710/PAPER1_7MODEL_RAW_SEED_METRICS.tsv
MSMCDA	CDA	CircR2Disease	disease_cold	1	0.6790905890045772	0.6254669122555393	0.549645390070922	0.3981042654028436	0.1149240930780457	0.2701240882942227	0.2277635056261264	0.7441558864958235	0.7441558864958235			PASS	formal_runs/cda_msmcda_corrected_fullmetric_20260619/runs/disease_cold/seed_01	formal_runs/cda_msmcda_corrected_fullmetric_20260619/MSMCDA_CORRECTED_FULL100_RAW_METRICS.tsv		outputs/paper1_data_refresh_20260710/PAPER1_7MODEL_RAW_SEED_METRICS.tsv
MSMCDA	CDA	CircR2Disease	disease_cold	2	0.6483690429080219	0.5914341330068531	0.5338345864661654	0.3404255319148936	0.083544898753378	0.280602134214822	0.2187375663534591	0.7726544420354444	0.7726544420354444			PASS	formal_runs/cda_msmcda_corrected_fullmetric_20260619/runs/disease_cold/seed_02	formal_runs/cda_msmcda_corrected_fullmetric_20260619/MSMCDA_CORRECTED_FULL100_RAW_METRICS.tsv		outputs/paper1_data_refresh_20260710/PAPER1_7MODEL_RAW_SEED_METRICS.tsv
MSMCDA	CDA	CircR2Disease	disease_cold	3	0.5770085932335797	0.5481950623483937	0.4689922480620155	0.2594594594594595	-0.0752177414444601	0.2920263500436346	0.2445831216813981	0.7882385596927836	0.7882385596927836			PASS	formal_runs/cda_msmcda_corrected_fullmetric_20260619/runs/disease_cold/seed_03	formal_runs/cda_msmcda_corrected_fullmetric_20260619/MSMCDA_CORRECTED_FULL100_RAW_METRICS.tsv		outputs/paper1_data_refresh_20260710/PAPER1_7MODEL_RAW_SEED_METRICS.tsv
MSMCDA	CDA	CircR2Disease	disease_cold	4	0.4930149744338933	0.5324185912347307	0.5405405405405406	0.4285714285714285	0.0881305298478463	0.3265771984839576	0.2588668905805822	0.9259769100050336	0.9259769100050336			PASS	formal_runs/cda_msmcda_corrected_fullmetric_20260619/runs/disease_cold/seed_04	formal_runs/cda_msmcda_corrected_fullmetric_20260619/MSMCDA_CORRECTED_FULL100_RAW_METRICS.tsv		outputs/paper1_data_refresh_20260710/PAPER1_7MODEL_RAW_SEED_METRICS.tsv
MSMCDA	CDA	CircR2Disease	disease_cold	5	0.847603305785124	0.8074447236770013	0.7227272727272728	0.680628272251309	0.4617917506035398	0.1691249761474207	0.1053955509327351	0.5077559547298769	0.5077559547298769			PASS	formal_runs/cda_msmcda_corrected_fullmetric_20260619/runs/disease_cold/seed_05	formal_runs/cda_msmcda_corrected_fullmetric_20260619/MSMCDA_CORRECTED_FULL100_RAW_METRICS.tsv		outputs/paper1_data_refresh_20260710/PAPER1_7MODEL_RAW_SEED_METRICS.tsv
MSMCDA	CDA	CircR2Disease	disease_cold	6	0.6668937573953889	0.6329019406847822	0.5329341317365269	0.390625	0.0744928584934249	0.2570570598804347	0.2321831776543024	0.7157127844147613	0.7157127844147613			PASS	formal_runs/cda_msmcda_corrected_fullmetric_20260619/runs/disease_cold/seed_06	formal_runs/cda_msmcda_corrected_fullmetric_20260619/MSMCDA_CORRECTED_FULL100_RAW_METRICS.tsv		outputs/paper1_data_refresh_20260710/PAPER1_7MODEL_RAW_SEED_METRICS.tsv
MSMCDA	CDA	CircR2Disease	disease_cold	7	0.784760963208813	0.7821962511582973	0.6974789915966386	0.6170212765957447	0.4352411611562424	0.2137234551206911	0.1916457725888873	0.6650152316435531	0.6650152316435531			PASS	formal_runs/cda_msmcda_corrected_fullmetric_20260619/runs/disease_cold/seed_07	formal_runs/cda_msmcda_corrected_fullmetric_20260619/MSMCDA_CORRECTED_FULL100_RAW_METRICS.tsv		outputs/paper1_data_refresh_20260710/PAPER1_7MODEL_RAW_SEED_METRICS.tsv
MSMCDA	CDA	CircR2Disease	disease_cold	8	0.5403537455410226	0.543408709840862	0.4956896551724138	0.2451612903225806	-0.0115262767247211	0.3407265931424865	0.318923125489101	0.984717875097356	0.984717875097356			PASS	formal_runs/cda_msmcda_corrected_fullmetric_20260619/runs/disease_cold/seed_08	formal_runs/cda_msmcda_corrected_fullmetric_20260619/MSMCDA_CORRECTED_FULL100_RAW_METRICS.tsv		outputs/paper1_data_refresh_20260710/PAPER1_7MODEL_RAW_SEED_METRICS.tsv
MSMCDA	CDA	CircR2Disease	disease_cold	9	0.496413531398954	0.5575401178552016	0.5578231292517006	0.3981481481481481	0.1364373001638717	0.3257273128198769	0.2589562844966545	0.9992796710183502	0.9992796710183502			PASS	formal_runs/cda_msmcda_corrected_fullmetric_20260619/runs/disease_cold/seed_09	formal_runs/cda_msmcda_corrected_fullmetric_20260619/MSMCDA_CORRECTED_FULL100_RAW_METRICS.tsv		outputs/paper1_data_refresh_20260710/PAPER1_7MODEL_RAW_SEED_METRICS.tsv
MSMCDA	CDA	CircR2Disease	disease_cold	10	0.5221067002730518	0.6042743265701779	0.5652173913043478	0.3478260869565217	0.1749966243260705	0.3269057027485325	0.2718889362360536	1.2073587665675458	1.2073587665675458			PASS	formal_runs/cda_msmcda_corrected_fullmetric_20260619/runs/disease_cold/seed_10	formal_runs/cda_msmcda_corrected_fullmetric_20260619/MSMCDA_CORRECTED_FULL100_RAW_METRICS.tsv		outputs/paper1_data_refresh_20260710/PAPER1_7MODEL_RAW_SEED_METRICS.tsv
MSMCDA	CDA	CircR2Disease	disease_cold	11	0.6095235641217244	0.6256137930931214	0.5558375634517766	0.3859649122807017	0.1340666110899739	0.2857908613112366	0.2329355458572961	0.9140509236552936	0.9140509236552936			PASS	formal_runs/cda_msmcda_corrected_fullmetric_20260619/runs/disease_cold/seed_11	formal_runs/cda_msmcda_corrected_fullmetric_20260619/MSMCDA_CORRECTED_FULL100_RAW_METRICS.tsv		outputs/paper1_data_refresh_20260710/PAPER1_7MODEL_RAW_SEED_METRICS.tsv
MSMCDA	CDA	CircR2Disease	disease_cold	12	0.5213494809688581	0.5653375101702081	0.5235294117647059	0.25	0.0687919160490109	0.3284152320382459	0.3009429695413393	0.9529447997217224	0.9529447997217224			PASS	formal_runs/cda_msmcda_corrected_fullmetric_20260619/runs/disease_cold/seed_12	formal_runs/cda_msmcda_corrected_fullmetric_20260619/MSMCDA_CORRECTED_FULL100_RAW_METRICS.tsv		outputs/paper1_data_refresh_20260710/PAPER1_7MODEL_RAW_SEED_METRICS.tsv
MSMCDA	CDA	CircR2Disease	disease_cold	13	0.5425673227871031	0.6297367856878155	0.532967032967033	0.2975206611570248	0.0888523316638638	0.30963893040354	0.2865879745273799	0.8716040518285061	0.8716040518285061			PASS	formal_runs/cda_msmcda_corrected_fullmetric_20260619/runs/disease_cold/seed_13	formal_runs/cda_msmcda_corrected_fullmetric_20260619/MSMCDA_CORRECTED_FULL100_RAW_METRICS.tsv		outputs/paper1_data_refresh_20260710/PAPER1_7MODEL_RAW_SEED_METRICS.tsv
MSMCDA	CDA	CircR2Disease	disease_cold	14	0.4683514030612244	0.5088476235010625	0.4866071428571428	0.267515923566879	-0.0334263135232437	0.3375726132135224	0.2651332296248126	0.9537745043300886	0.9537745043300886			PASS	formal_runs/cda_msmcda_corrected_fullmetric_20260619/runs/disease_cold/seed_14	formal_runs/cda_msmcda_corrected_fullmetric_20260619/MSMCDA_CORRECTED_FULL100_RAW_METRICS.tsv		outputs/paper1_data_refresh_20260710/PAPER1_7MODEL_RAW_SEED_METRICS.tsv
MSMCDA	CDA	CircR2Disease	disease_cold	15	0.6749624234015492	0.7366769914258715	0.6451612903225806	0.547945205479452	0.3215881289322819	0.2361593857250069	0.1731370490274995	0.695373671445218	0.695373671445218			PASS	formal_runs/cda_msmcda_corrected_fullmetric_20260619/runs/disease_cold/seed_15	formal_runs/cda_msmcda_corrected_fullmetric_20260619/MSMCDA_CORRECTED_FULL100_RAW_METRICS.tsv		outputs/paper1_data_refresh_20260710/PAPER1_7MODEL_RAW_SEED_METRICS.tsv
MSMCDA	CDA	CircR2Disease	disease_cold	16	0.6861845171931586	0.6465849508603987	0.5239520958083832	0.3813229571984435	0.0539850886785943	0.2725568686604091	0.2741577403597578	0.7753119665416031	0.7753119665416031			PASS	formal_runs/cda_msmcda_corrected_fullmetric_20260619/runs/disease_cold/seed_16	formal_runs/cda_msmcda_corrected_fullmetric_20260619/MSMCDA_CORRECTED_FULL100_RAW_METRICS.tsv		outputs/paper1_data_refresh_20260710/PAPER1_7MODEL_RAW_SEED_METRICS.tsv
MSMCDA	CDA	CircR2Disease	disease_cold	17	0.6237254800476166	0.6395268017190883	0.5503597122302158	0.3386243386243386	0.1311220136214371	0.2800655503032681	0.2602052363975764	0.7799394731474607	0.7799394731474607			PASS	formal_runs/cda_msmcda_corrected_fullmetric_20260619/runs/disease_cold/seed_17	formal_runs/cda_msmcda_corrected_fullmetric_20260619/MSMCDA_CORRECTED_FULL100_RAW_METRICS.tsv		outputs/paper1_data_refresh_20260710/PAPER1_7MODEL_RAW_SEED_METRICS.tsv
MSMCDA	CDA	CircR2Disease	disease_cold	18	0.6188366505763847	0.621142306228858	0.6455399061032864	0.5746478873239437	0.3087367636166616	0.25945537664673	0.1839440940516375	0.7276380085549634	0.7276380085549634			PASS	formal_runs/cda_msmcda_corrected_fullmetric_20260619/runs/disease_cold/seed_18	formal_runs/cda_msmcda_corrected_fullmetric_20260619/MSMCDA_CORRECTED_FULL100_RAW_METRICS.tsv		outputs/paper1_data_refresh_20260710/PAPER1_7MODEL_RAW_SEED_METRICS.tsv
MSMCDA	CDA	CircR2Disease	disease_cold	19	0.6249832210260678	0.5820392333250175	0.5181347150259067	0.3673469387755102	0.0412586414064613	0.2812243705642314	0.2374300570552927	0.8139285476872807	0.8139285476872807			PASS	formal_runs/cda_msmcda_corrected_fullmetric_20260619/runs/disease_cold/seed_19	formal_runs/cda_msmcda_corrected_fullmetric_20260619/MSMCDA_CORRECTED_FULL100_RAW_METRICS.tsv		outputs/paper1_data_refresh_20260710/PAPER1_7MODEL_RAW_SEED_METRICS.tsv
MSMCDA	CDA	CircR2Disease	disease_cold	20	0.4836103416435827	0.5658469620513314	0.5307017543859649	0.3354037267080745	0.0758944160259444	0.3245034784839463	0.26418216722372	0.9504091325019476	0.9504091325019476			PASS	formal_runs/cda_msmcda_corrected_fullmetric_20260619/runs/disease_cold/seed_20	formal_runs/cda_msmcda_corrected_fullmetric_20260619/MSMCDA_CORRECTED_FULL100_RAW_METRICS.tsv		outputs/paper1_data_refresh_20260710/PAPER1_7MODEL_RAW_SEED_METRICS.tsv
MSMCDA	CDA	CircR2Disease	disease_cold	21	0.4480968858131487	0.513647859739476	0.4044117647058823	0.3135593220338983	-0.198248141432386	0.3125479475273991	0.2935189355424988	0.8377928202867034	0.8377928202867034			PASS	formal_runs/cda_msmcda_corrected_fullmetric_20260619/runs/disease_cold/seed_21	formal_runs/cda_msmcda_corrected_fullmetric_20260619/MSMCDA_CORRECTED_FULL100_RAW_METRICS.tsv		outputs/paper1_data_refresh_20260710/PAPER1_7MODEL_RAW_SEED_METRICS.tsv
MSMCDA	CDA	CircR2Disease	disease_cold	22	0.7107860110803325	0.6950946904850022	0.618421052631579	0.5671641791044776	0.2437780403195489	0.2270543073996757	0.2335697396499055	0.6895703086821657	0.6895703086821657			PASS	formal_runs/cda_msmcda_corrected_fullmetric_20260619/runs/disease_cold/seed_22	formal_runs/cda_msmcda_corrected_fullmetric_20260619/MSMCDA_CORRECTED_FULL100_RAW_METRICS.tsv		outputs/paper1_data_refresh_20260710/PAPER1_7MODEL_RAW_SEED_METRICS.tsv
MSMCDA	CDA	CircR2Disease	disease_cold	23	0.40185	0.4901572304855685	0.5	0.2805755395683453	0.0	0.3894581731921203	0.3459969553289077	1.6913199914982997	1.6913199914982997			PASS	formal_runs/cda_msmcda_corrected_fullmetric_20260619/runs/disease_cold/seed_23	formal_runs/cda_msmcda_corrected_fullmetric_20260619/MSMCDA_CORRECTED_FULL100_RAW_METRICS.tsv		outputs/paper1_data_refresh_20260710/PAPER1_7MODEL_RAW_SEED_METRICS.tsv
MSMCDA	CDA	CircR2Disease	disease_cold	24	0.4126023495906016	0.5027826348152797	0.4874213836477987	0.1809045226130653	-0.037932162090544	0.3713414085994941	0.2979535138821698	1.2393241035758502	1.2393241035758502			PASS	formal_runs/cda_msmcda_corrected_fullmetric_20260619/runs/disease_cold/seed_24	formal_runs/cda_msmcda_corrected_fullmetric_20260619/MSMCDA_CORRECTED_FULL100_RAW_METRICS.tsv		outputs/paper1_data_refresh_20260710/PAPER1_7MODEL_RAW_SEED_METRICS.tsv
MSMCDA	CDA	CircR2Disease	strict_cold	0	0.7866666666666667	0.7349335749516243	0.6666666666666666	0.6666666666666666	0.3333333333333333	0.1877149030633036	0.1465007601926723	0.5567839657446932	0.5567839657446932			PASS	formal_runs/cda_msmcda_corrected_fullmetric_20260619/runs/strict_cold/seed_00	formal_runs/cda_msmcda_corrected_fullmetric_20260619/MSMCDA_CORRECTED_FULL100_RAW_METRICS.tsv		outputs/paper1_data_refresh_20260710/PAPER1_7MODEL_RAW_SEED_METRICS.tsv
MSMCDA	CDA	CircR2Disease	strict_cold	1	0.7479224376731302	0.7763918846890983	0.5789473684210527	0.4285714285714285	0.1856953381770518	0.2331140255407848	0.3318595196071424	0.6599429292416737	0.6599429292416737			PASS	formal_runs/cda_msmcda_corrected_fullmetric_20260619/runs/strict_cold/seed_01	formal_runs/cda_msmcda_corrected_fullmetric_20260619/MSMCDA_CORRECTED_FULL100_RAW_METRICS.tsv		outputs/paper1_data_refresh_20260710/PAPER1_7MODEL_RAW_SEED_METRICS.tsv
MSMCDA	CDA	CircR2Disease	strict_cold	2	0.6372819100091828	0.6573875238923639	0.5454545454545454	0.3478260869565217	0.1142908976639189	0.2754438892888778	0.2639311331352501	0.7590865962856748	0.7590865962856748			PASS	formal_runs/cda_msmcda_corrected_fullmetric_20260619/runs/strict_cold/seed_02	formal_runs/cda_msmcda_corrected_fullmetric_20260619/MSMCDA_CORRECTED_FULL100_RAW_METRICS.tsv		outputs/paper1_data_refresh_20260710/PAPER1_7MODEL_RAW_SEED_METRICS.tsv
MSMCDA	CDA	CircR2Disease	strict_cold	3	0.754325259515571	0.7777766792991707	0.5882352941176471	0.4166666666666667	0.2182178902359924	0.2275296080840825	0.201676283031702	0.6343812671609141	0.6343812671609141			PASS	formal_runs/cda_msmcda_corrected_fullmetric_20260619/runs/strict_cold/seed_03	formal_runs/cda_msmcda_corrected_fullmetric_20260619/MSMCDA_CORRECTED_FULL100_RAW_METRICS.tsv		outputs/paper1_data_refresh_20260710/PAPER1_7MODEL_RAW_SEED_METRICS.tsv
MSMCDA	CDA	CircR2Disease	strict_cold	4	0.631875	0.5586874219458771	0.65	0.7021276595744681	0.3202563076101742	0.2512629869633804	0.2713194377720356	0.7353147401206742	0.7353147401206742			PASS	formal_runs/cda_msmcda_corrected_fullmetric_20260619/runs/strict_cold/seed_04	formal_runs/cda_msmcda_corrected_fullmetric_20260619/MSMCDA_CORRECTED_FULL100_RAW_METRICS.tsv		outputs/paper1_data_refresh_20260710/PAPER1_7MODEL_RAW_SEED_METRICS.tsv
MSMCDA	CDA	CircR2Disease	strict_cold	5	0.7575000000000001	0.6957480277222167	0.525	0.3870967741935484	0.0559892510955854	0.2453585876140743	0.2844838181976228	0.6735882785105922	0.6735882785105922			PASS	formal_runs/cda_msmcda_corrected_fullmetric_20260619/runs/strict_cold/seed_05	formal_runs/cda_msmcda_corrected_fullmetric_20260619/MSMCDA_CORRECTED_FULL100_RAW_METRICS.tsv		outputs/paper1_data_refresh_20260710/PAPER1_7MODEL_RAW_SEED_METRICS.tsv
MSMCDA	CDA	CircR2Disease	strict_cold	6	0.6023875114784206	0.5431595091395796	0.4090909090909091	0.0930232558139534	-0.253546276418555	0.3283111707245478	0.3744350553236224	0.8641685630481936	0.8641685630481934			PASS	formal_runs/cda_msmcda_corrected_fullmetric_20260619/runs/strict_cold/seed_06	formal_runs/cda_msmcda_corrected_fullmetric_20260619/MSMCDA_CORRECTED_FULL100_RAW_METRICS.tsv		outputs/paper1_data_refresh_20260710/PAPER1_7MODEL_RAW_SEED_METRICS.tsv
MSMCDA	CDA	CircR2Disease	strict_cold	7	0.9382716049382716	0.9290123456790124	0.6111111111111112	0.3636363636363636	0.3535533905932738	0.2161617072510838	0.2959056881566841	0.5940322318489981	0.5940322318489981			PASS	formal_runs/cda_msmcda_corrected_fullmetric_20260619/runs/strict_cold/seed_07	formal_runs/cda_msmcda_corrected_fullmetric_20260619/MSMCDA_CORRECTED_FULL100_RAW_METRICS.tsv		outputs/paper1_data_refresh_20260710/PAPER1_7MODEL_RAW_SEED_METRICS.tsv
MSMCDA	CDA	CircR2Disease	strict_cold	8	0.5484764542936289	0.5331664705530405	0.4210526315789473	0.1538461538461538	-0.2036532699906392	0.3417490462995375	0.3409583794633171	1.0074888930017794	1.0074888930017794			PASS	formal_runs/cda_msmcda_corrected_fullmetric_20260619/runs/strict_cold/seed_08	formal_runs/cda_msmcda_corrected_fullmetric_20260619/MSMCDA_CORRECTED_FULL100_RAW_METRICS.tsv		outputs/paper1_data_refresh_20260710/PAPER1_7MODEL_RAW_SEED_METRICS.tsv
MSMCDA	CDA	CircR2Disease	strict_cold	9	0.6464497041420119	0.7044655131193592	0.6538461538461539	0.5263157894736842	0.3651483716701107	0.269695389201198	0.2518523443633546	0.7580566656060239	0.7580566656060239			PASS	formal_runs/cda_msmcda_corrected_fullmetric_20260619/runs/strict_cold/seed_09	formal_runs/cda_msmcda_corrected_fullmetric_20260619/MSMCDA_CORRECTED_FULL100_RAW_METRICS.tsv		outputs/paper1_data_refresh_20260710/PAPER1_7MODEL_RAW_SEED_METRICS.tsv
MSMCDA	CDA	CircR2Disease	strict_cold	10	0.41	0.5943142921256188	0.55	0.3414634146341463	0.1292191476761844	0.3575867394133425	0.3573521871119737	1.1941944953468977	1.1941944953468977			PASS	formal_runs/cda_msmcda_corrected_fullmetric_20260619/runs/strict_cold/seed_10	formal_runs/cda_msmcda_corrected_fullmetric_20260619/MSMCDA_CORRECTED_FULL100_RAW_METRICS.tsv		outputs/paper1_data_refresh_20260710/PAPER1_7MODEL_RAW_SEED_METRICS.tsv
MSMCDA	CDA	CircR2Disease	strict_cold	11	0.7851239669421488	0.7288700547482012	0.5227272727272727	0.2222222222222222	0.0716114874039432	0.2501142365632219	0.3288468227467753	0.6754613402712688	0.6754613402712688			PASS	formal_runs/cda_msmcda_corrected_fullmetric_20260619/runs/strict_cold/seed_11	formal_runs/cda_msmcda_corrected_fullmetric_20260619/MSMCDA_CORRECTED_FULL100_RAW_METRICS.tsv		outputs/paper1_data_refresh_20260710/PAPER1_7MODEL_RAW_SEED_METRICS.tsv
MSMCDA	CDA	CircR2Disease	strict_cold	12	0.5275754422476587	0.6012857706186552	0.5645161290322581	0.425531914893617	0.1474419561548971	0.3088250959873126	0.2886549739407436	0.8633704821942101	0.86337048219421			PASS	formal_runs/cda_msmcda_corrected_fullmetric_20260619/runs/strict_cold/seed_12	formal_runs/cda_msmcda_corrected_fullmetric_20260619/MSMCDA_CORRECTED_FULL100_RAW_METRICS.tsv		outputs/paper1_data_refresh_20260710/PAPER1_7MODEL_RAW_SEED_METRICS.tsv
MSMCDA	CDA	CircR2Disease	strict_cold	13	0.4755859375	0.5314236396605618	0.484375	0.2666666666666666	-0.0388367818690308	0.3461969860164545	0.3170486339149647	0.9516258949589252	0.9516258949589252			PASS	formal_runs/cda_msmcda_corrected_fullmetric_20260619/runs/strict_cold/seed_13	formal_runs/cda_msmcda_corrected_fullmetric_20260619/MSMCDA_CORRECTED_FULL100_RAW_METRICS.tsv		outputs/paper1_data_refresh_20260710/PAPER1_7MODEL_RAW_SEED_METRICS.tsv
MSMCDA	CDA	CircR2Disease	strict_cold	14	0.4678204434829637	0.5229530817255393	0.4418604651162791	0.3333333333333333	-0.1229797419858204	0.3379338606593486	0.3872702377090274	0.905695940780944	0.905695940780944			PASS	formal_runs/cda_msmcda_corrected_fullmetric_20260619/runs/strict_cold/seed_14	formal_runs/cda_msmcda_corrected_fullmetric_20260619/MSMCDA_CORRECTED_FULL100_RAW_METRICS.tsv		outputs/paper1_data_refresh_20260710/PAPER1_7MODEL_RAW_SEED_METRICS.tsv
MSMCDA	CDA	CircR2Disease	strict_cold	15	0.8070934256055363	0.7937543710641679	0.7647058823529411	0.7714285714285715	0.5303300858899106	0.1917622290559039	0.156788311953492	0.5687569787937478	0.5687569787937478			PASS	formal_runs/cda_msmcda_corrected_fullmetric_20260619/runs/strict_cold/seed_15	formal_runs/cda_msmcda_corrected_fullmetric_20260619/MSMCDA_CORRECTED_FULL100_RAW_METRICS.tsv		outputs/paper1_data_refresh_20260710/PAPER1_7MODEL_RAW_SEED_METRICS.tsv
MSMCDA	CDA	CircR2Disease	strict_cold	16	0.6275	0.6193425796500247	0.575	0.4516129032258064	0.1679677532867562	0.2996517164894906	0.3509970976505429	0.8149695016106335	0.8149695016106335			PASS	formal_runs/cda_msmcda_corrected_fullmetric_20260619/runs/strict_cold/seed_16	formal_runs/cda_msmcda_corrected_fullmetric_20260619/MSMCDA_CORRECTED_FULL100_RAW_METRICS.tsv		outputs/paper1_data_refresh_20260710/PAPER1_7MODEL_RAW_SEED_METRICS.tsv
MSMCDA	CDA	CircR2Disease	strict_cold	17	0.5244444444444445	0.5424898848428261	0.5333333333333333	0.3636363636363636	0.07881104062391	0.2836224981155731	0.2441292705635229	0.7652508409627276	0.7652508409627276			PASS	formal_runs/cda_msmcda_corrected_fullmetric_20260619/runs/strict_cold/seed_17	formal_runs/cda_msmcda_corrected_fullmetric_20260619/MSMCDA_CORRECTED_FULL100_RAW_METRICS.tsv		outputs/paper1_data_refresh_20260710/PAPER1_7MODEL_RAW_SEED_METRICS.tsv
MSMCDA	CDA	CircR2Disease	strict_cold	18	0.8325	0.7983019031491236	0.65	0.6111111111111112	0.3061862178478973	0.169547409925853	0.1957992705516517	0.4954640498339859	0.4954640498339859			PASS	formal_runs/cda_msmcda_corrected_fullmetric_20260619/runs/strict_cold/seed_18	formal_runs/cda_msmcda_corrected_fullmetric_20260619/MSMCDA_CORRECTED_FULL100_RAW_METRICS.tsv		outputs/paper1_data_refresh_20260710/PAPER1_7MODEL_RAW_SEED_METRICS.tsv
MSMCDA	CDA	CircR2Disease	strict_cold	19	0.5011111111111111	0.5955870291413707	0.6	0.4782608695652174	0.2261335084333227	0.300645780909463	0.2802453188846508	0.8554804028311601	0.8554804028311601			PASS	formal_runs/cda_msmcda_corrected_fullmetric_20260619/runs/strict_cold/seed_19	formal_runs/cda_msmcda_corrected_fullmetric_20260619/MSMCDA_CORRECTED_FULL100_RAW_METRICS.tsv		outputs/paper1_data_refresh_20260710/PAPER1_7MODEL_RAW_SEED_METRICS.tsv
MSMCDA	CDA	CircR2Disease	strict_cold	20	0.4718934911242602	0.5476257053969354	0.6153846153846154	0.5652173913043478	0.2371708245126284	0.3321931792098092	0.3789379143585952	1.0798146302145477	1.0798146302145477			PASS	formal_runs/cda_msmcda_corrected_fullmetric_20260619/runs/strict_cold/seed_20	formal_runs/cda_msmcda_corrected_fullmetric_20260619/MSMCDA_CORRECTED_FULL100_RAW_METRICS.tsv		outputs/paper1_data_refresh_20260710/PAPER1_7MODEL_RAW_SEED_METRICS.tsv
MSMCDA	CDA	CircR2Disease	strict_cold	21	0.6545138888888888	0.6128282122952502	0.6041666666666666	0.5957446808510638	0.2085144140570747	0.2650662152682447	0.2830900279805064	0.747372036607907	0.747372036607907			PASS	formal_runs/cda_msmcda_corrected_fullmetric_20260619/runs/strict_cold/seed_21	formal_runs/cda_msmcda_corrected_fullmetric_20260619/MSMCDA_CORRECTED_FULL100_RAW_METRICS.tsv		outputs/paper1_data_refresh_20260710/PAPER1_7MODEL_RAW_SEED_METRICS.tsv
MSMCDA	CDA	CircR2Disease	strict_cold	22	0.923076923076923	0.9477361664268684	0.8269230769230769	0.8235294117647058	0.6543303050815759	0.1155974490042413	0.1805703349124927	0.3824692835419726	0.3824692835419726			PASS	formal_runs/cda_msmcda_corrected_fullmetric_20260619/runs/strict_cold/seed_22	formal_runs/cda_msmcda_corrected_fullmetric_20260619/MSMCDA_CORRECTED_FULL100_RAW_METRICS.tsv		outputs/paper1_data_refresh_20260710/PAPER1_7MODEL_RAW_SEED_METRICS.tsv
MSMCDA	CDA	CircR2Disease	strict_cold	23	0.4477040816326531	0.4905851937552618	0.5	0.1764705882352941	0.0	0.3639910441905849	0.2983521184817489	1.0570159113561026	1.0570159113561026			PASS	formal_runs/cda_msmcda_corrected_fullmetric_20260619/runs/strict_cold/seed_23	formal_runs/cda_msmcda_corrected_fullmetric_20260619/MSMCDA_CORRECTED_FULL100_RAW_METRICS.tsv		outputs/paper1_data_refresh_20260710/PAPER1_7MODEL_RAW_SEED_METRICS.tsv
MSMCDA	CDA	CircR2Disease	strict_cold	24	0.7107750472589792	0.7694329840332645	0.717391304347826	0.6486486486486487	0.472455591261534	0.2502984532332088	0.310108908014587	0.95691916014447	0.95691916014447			PASS	formal_runs/cda_msmcda_corrected_fullmetric_20260619/runs/strict_cold/seed_24	formal_runs/cda_msmcda_corrected_fullmetric_20260619/MSMCDA_CORRECTED_FULL100_RAW_METRICS.tsv		outputs/paper1_data_refresh_20260710/PAPER1_7MODEL_RAW_SEED_METRICS.tsv
