n_test_pairs	n_pos	n_neg	prevalence	AUROC	AUPR_raw	AUPR_normalized	dataset	setting	seed	similarity_bin	n_test_drugs	mean_max_train_drug_tanimoto	valid_metric_seed	upstream_source
371	112	259	0.3018867924528302	0.7193877551020408	0.48837316241067613	0.2671291245342117	MDR	drug_cold	0	High	3	0.8362530401434021	True	outputs/paper1_data_refresh_20260710/Fig4_similarity_stratified_seed_metrics.tsv
576	182	394	0.3159722222222222	0.7299325040441791	0.5910763745399269	0.40218272013958856	MDR	drug_cold	0	Medium	5	0.4537270734692137	True	outputs/paper1_data_refresh_20260710/Fig4_similarity_stratified_seed_metrics.tsv
1997	1178	819	0.5898848272408613	0.6235989062814191	0.6887116698828284	0.24097338798047405	MDR	drug_cold	0	Low	10	0.15079494229663307	True	outputs/paper1_data_refresh_20260710/Fig4_similarity_stratified_seed_metrics.tsv
479	409	70	0.8538622129436325	0.6987425777156828	0.9326050808703684	0.5388261962415212	MDR	drug_cold	1	High	1	1.0	True	outputs/paper1_data_refresh_20260710/Fig4_similarity_stratified_seed_metrics.tsv
473	42	431	0.08879492600422834	0.7277096453430559	0.30875942273492163	0.24139955209656133	MDR	drug_cold	1	Medium	4	0.554163774482012	True	outputs/paper1_data_refresh_20260710/Fig4_similarity_stratified_seed_metrics.tsv
1214	632	582	0.5205930807248764	0.4049300752533821	0.4741862458376571	-0.0968005112595949	MDR	drug_cold	1	Low	6	0.11889646254194397	True	outputs/paper1_data_refresh_20260710/Fig4_similarity_stratified_seed_metrics.tsv
496	416	80	0.8387096774193549	0.8323317307692307	0.9492704309084217	0.6854766716322143	MDR	drug_cold	2	High	2	0.7715216682958619	True	outputs/paper1_data_refresh_20260710/Fig4_similarity_stratified_seed_metrics.tsv
131	9	122	0.06870229007633588	0.7832422586520947	0.2635679271708683	0.2092409709785553	MDR	drug_cold	2	Medium	2	0.5432619867285337	True	outputs/paper1_data_refresh_20260710/Fig4_similarity_stratified_seed_metrics.tsv
1927	852	1075	0.4421380384016606	0.44407904793099684	0.4137730497601353	-0.050845891267180726	MDR	drug_cold	2	Low	20	0.21047434854072042	True	outputs/paper1_data_refresh_20260710/Fig4_similarity_stratified_seed_metrics.tsv
49	13	36	0.2653061224489796	0.7777777777777778	0.5467864187094956	0.3831259587990357	MDR	drug_cold	3	High	1	0.7999999999999999	True	outputs/paper1_data_refresh_20260710/Fig4_similarity_stratified_seed_metrics.tsv
232	61	171	0.2629310344827586	0.5680184066724189	0.3507573807504262	0.11915621248011038	MDR	drug_cold	3	Medium	5	0.5719616931453405	True	outputs/paper1_data_refresh_20260710/Fig4_similarity_stratified_seed_metrics.tsv
2019	1076	943	0.532937097573056	0.5047670765215815	0.5579364369508574	0.05352456649393536	MDR	drug_cold	3	Low	27	0.20919437403454616	True	outputs/paper1_data_refresh_20260710/Fig4_similarity_stratified_seed_metrics.tsv
256	126	130	0.4921875	0.3277167277167278	0.3930689492123921	-0.19518730001252016	MDR	drug_cold	4	High	2	0.8299636803874095	True	outputs/paper1_data_refresh_20260710/Fig4_similarity_stratified_seed_metrics.tsv
0	0	0					MDR	drug_cold	4	Medium	0		False	outputs/paper1_data_refresh_20260710/Fig4_similarity_stratified_seed_metrics.tsv
2066	1035	1031	0.5009680542110359	0.43879072426282817	0.4664604787311021	-0.0691490309811282	MDR	drug_cold	4	Low	16	0.15941445073457916	True	outputs/paper1_data_refresh_20260710/Fig4_similarity_stratified_seed_metrics.tsv
375	213	162	0.568	0.7024575436156032	0.7842545244485642	0.5005891769642692	MDR	drug_cold	5	High	4	0.7856712980734556	True	outputs/paper1_data_refresh_20260710/Fig4_similarity_stratified_seed_metrics.tsv
1117	755	362	0.67591763652641	0.5670849950605539	0.7243460552742724	0.14943244127448152	MDR	drug_cold	5	Medium	9	0.5547211860817849	True	outputs/paper1_data_refresh_20260710/Fig4_similarity_stratified_seed_metrics.tsv
784	170	614	0.21683673469387754	0.42960337229354284	0.3084766073629713	0.11701247585109037	MDR	drug_cold	5	Low	15	0.1948843834318093	True	outputs/paper1_data_refresh_20260710/Fig4_similarity_stratified_seed_metrics.tsv
589	411	178	0.6977928692699491	0.5692200442877061	0.7382006655626092	0.13370894391222926	MDR	drug_cold	6	High	2	0.9686339961439959	True	outputs/paper1_data_refresh_20260710/Fig4_similarity_stratified_seed_metrics.tsv
710	439	271	0.6183098591549295	0.5228420849128764	0.6219305180266743	0.00948585903667453	MDR	drug_cold	6	Medium	3	0.5578249643792093	True	outputs/paper1_data_refresh_20260710/Fig4_similarity_stratified_seed_metrics.tsv
1287	443	844	0.3442113442113442	0.48738405742834834	0.33618536918305253	-0.012238660973236223	MDR	drug_cold	6	Low	8	0.16460335023939773	True	outputs/paper1_data_refresh_20260710/Fig4_similarity_stratified_seed_metrics.tsv
432	140	292	0.32407407407407407	0.7632827788649708	0.6480087229589406	0.47924578191185735	MDR	drug_cold	7	High	6	0.8120508676211254	True	outputs/paper1_data_refresh_20260710/Fig4_similarity_stratified_seed_metrics.tsv
701	519	182	0.7403708987161198	0.35613711914289947	0.698799745529517	-0.16011746364730006	MDR	drug_cold	7	Medium	4	0.5769848373494069	True	outputs/paper1_data_refresh_20260710/Fig4_similarity_stratified_seed_metrics.tsv
1127	471	656	0.4179236912156167	0.4765952695354979	0.41294329964054416	-0.008556251989491963	MDR	drug_cold	7	Low	12	0.19512249698808593	True	outputs/paper1_data_refresh_20260710/Fig4_similarity_stratified_seed_metrics.tsv
348	201	147	0.5775862068965517	0.7296849087893864	0.800224617057198	0.5270623587476525	MDR	drug_cold	8	High	2	0.7973593763904824	True	outputs/paper1_data_refresh_20260710/Fig4_similarity_stratified_seed_metrics.tsv
573	462	111	0.806282722513089	0.4586794586794587	0.8037440654680938	-0.013104959340380204	MDR	drug_cold	8	Medium	2	0.6061184137239612	True	outputs/paper1_data_refresh_20260710/Fig4_similarity_stratified_seed_metrics.tsv
1329	462	867	0.3476297968397291	0.3518976217938156	0.28300370995238044	-0.0990635172702265	MDR	drug_cold	8	Low	12	0.22874105756788865	True	outputs/paper1_data_refresh_20260710/Fig4_similarity_stratified_seed_metrics.tsv
351	190	161	0.5413105413105413	0.5285714285714286	0.5883047700024704	0.1024532563407894	MDR	drug_cold	9	High	3	0.817646084876098	True	outputs/paper1_data_refresh_20260710/Fig4_similarity_stratified_seed_metrics.tsv
772	495	277	0.6411917098445595	0.6547934215804252	0.7433253162504077	0.2846467297664792	MDR	drug_cold	9	Medium	6	0.5886977834990753	True	outputs/paper1_data_refresh_20260710/Fig4_similarity_stratified_seed_metrics.tsv
1457	605	852	0.4152367879203844	0.5029624025142592	0.4501169197312807	0.05964830052638024	MDR	drug_cold	9	Low	17	0.19242053512283425	True	outputs/paper1_data_refresh_20260710/Fig4_similarity_stratified_seed_metrics.tsv
585	478	107	0.8170940170940171	0.8567629922183553	0.9620399364515893	0.7924613348054179	MDR	drug_cold	10	High	3	0.7645734312400978	True	outputs/paper1_data_refresh_20260710/Fig4_similarity_stratified_seed_metrics.tsv
299	111	188	0.3712374581939799	0.5409718228867165	0.38178377679463316	0.01677313437018788	MDR	drug_cold	10	Medium	5	0.47097816329757647	True	outputs/paper1_data_refresh_20260710/Fig4_similarity_stratified_seed_metrics.tsv
1664	685	979	0.41165865384615385	0.484863893590212	0.4217540058932967	0.017159004909546166	MDR	drug_cold	10	Low	25	0.20402919565900793	True	outputs/paper1_data_refresh_20260710/Fig4_similarity_stratified_seed_metrics.tsv
616	450	166	0.7305194805194806	0.4941164658634538	0.732916670448033	0.00889559636137526	MDR	drug_cold	11	High	5	0.8448799360663767	True	outputs/paper1_data_refresh_20260710/Fig4_similarity_stratified_seed_metrics.tsv
600	301	299	0.5016666666666667	0.5799508883432039	0.6316339835211848	0.26080398031006985	MDR	drug_cold	11	Medium	9	0.5627941739511849	True	outputs/paper1_data_refresh_20260710/Fig4_similarity_stratified_seed_metrics.tsv
954	334	620	0.350104821802935	0.5040757195286846	0.3511544144533566	0.001615018368551936	MDR	drug_cold	11	Low	18	0.24593156590029053	True	outputs/paper1_data_refresh_20260710/Fig4_similarity_stratified_seed_metrics.tsv
537	411	126	0.7653631284916201	0.7456262310276909	0.8975806027405016	0.5634982831083281	MDR	drug_cold	12	High	2	0.9841622823669796	True	outputs/paper1_data_refresh_20260710/Fig4_similarity_stratified_seed_metrics.tsv
340	61	279	0.17941176470588235	0.413655326399906	0.1685066536419133	-0.013289382658600274	MDR	drug_cold	12	Medium	4	0.5165986595841179	True	outputs/paper1_data_refresh_20260710/Fig4_similarity_stratified_seed_metrics.tsv
1299	616	683	0.47421093148575827	0.6184732178509631	0.5417806100623459	0.1285109992254573	MDR	drug_cold	12	Low	11	0.20547334832464367	True	outputs/paper1_data_refresh_20260710/Fig4_similarity_stratified_seed_metrics.tsv
109	67	42	0.6146788990825688	0.8329779673063255	0.8739492030990654	0.6728681699475746	MDR	drug_cold	13	High	2	0.8585908969448653	True	outputs/paper1_data_refresh_20260710/Fig4_similarity_stratified_seed_metrics.tsv
362	175	187	0.48342541436464087	0.6708326967150496	0.6083504240555018	0.2418334412197414	MDR	drug_cold	13	Medium	8	0.5003632499648557	True	outputs/paper1_data_refresh_20260710/Fig4_similarity_stratified_seed_metrics.tsv
1719	853	866	0.49621873182082604	0.42420447869088584	0.4759317188254568	-0.040269486534687864	MDR	drug_cold	13	Low	42	0.20004034236427412	True	outputs/paper1_data_refresh_20260710/Fig4_similarity_stratified_seed_metrics.tsv
895	618	277	0.6905027932960894	0.5364983117778322	0.6735480205192328	-0.054781666553381576	MDR	drug_cold	14	High	7	0.7433800593292454	True	outputs/paper1_data_refresh_20260710/Fig4_similarity_stratified_seed_metrics.tsv
661	500	161	0.75642965204236	0.46618633540372667	0.7542817496745342	-0.008818406615732029	MDR	drug_cold	14	Medium	4	0.5624860635126466	True	outputs/paper1_data_refresh_20260710/Fig4_similarity_stratified_seed_metrics.tsv
1404	362	1042	0.25783475783475784	0.5047321873575041	0.25904763307377043	0.0016342388057328943	MDR	drug_cold	14	Low	23	0.22192229220664694	True	outputs/paper1_data_refresh_20260710/Fig4_similarity_stratified_seed_metrics.tsv
649	476	173	0.7334360554699538	0.6545392723563414	0.8398063497326825	0.39904231778330024	MDR	drug_cold	15	High	3	0.9586869517953936	True	outputs/paper1_data_refresh_20260710/Fig4_similarity_stratified_seed_metrics.tsv
323	72	251	0.22291021671826625	0.6923417441345728	0.4110488915293514	0.24210674089235265	MDR	drug_cold	15	Medium	4	0.486076560510323	True	outputs/paper1_data_refresh_20260710/Fig4_similarity_stratified_seed_metrics.tsv
1348	612	736	0.4540059347181009	0.5496989556692242	0.501156085339828	0.0863565258669676	MDR	drug_cold	15	Low	12	0.2361694802238961	True	outputs/paper1_data_refresh_20260710/Fig4_similarity_stratified_seed_metrics.tsv
0	0	0					MDR	drug_cold	16	High	0		False	outputs/paper1_data_refresh_20260710/Fig4_similarity_stratified_seed_metrics.tsv
438	135	303	0.3082191780821918	0.7736707004033737	0.5374326953486357	0.33133835169208725	MDR	drug_cold	16	Medium	2	0.45206110725333	True	outputs/paper1_data_refresh_20260710/Fig4_similarity_stratified_seed_metrics.tsv
2026	1097	929	0.5414610069101679	0.5727343287741399	0.6499517774284003	0.23660096993534865	MDR	drug_cold	16	Low	7	0.1394061977201953	True	outputs/paper1_data_refresh_20260710/Fig4_similarity_stratified_seed_metrics.tsv
199	133	66	0.6683417085427136	0.8291182501708818	0.8743568399455172	0.6211668355933018	MDR	drug_cold	17	High	2	0.780222903840994	True	outputs/paper1_data_refresh_20260710/Fig4_similarity_stratified_seed_metrics.tsv
353	123	230	0.34844192634560905	0.5013785790031814	0.34434788897212376	-0.006283457360175254	MDR	drug_cold	17	Medium	7	0.5063884537176279	True	outputs/paper1_data_refresh_20260710/Fig4_similarity_stratified_seed_metrics.tsv
1612	826	786	0.5124069478908189	0.42503650444522484	0.49014673823376437	-0.04565325441116012	MDR	drug_cold	17	Low	25	0.1966091622190478	True	outputs/paper1_data_refresh_20260710/Fig4_similarity_stratified_seed_metrics.tsv
104	8	96	0.07692307692307693	0.8958333333333334	0.5234741177281499	0.483763627538829	MDR	drug_cold	18	High	2	0.7940307756691939	True	outputs/paper1_data_refresh_20260710/Fig4_similarity_stratified_seed_metrics.tsv
838	488	350	0.5823389021479713	0.450152224824356	0.5979133172354072	0.03728959955220353	MDR	drug_cold	18	Medium	7	0.6049642596814625	True	outputs/paper1_data_refresh_20260710/Fig4_similarity_stratified_seed_metrics.tsv
1346	648	698	0.4814264487369985	0.4404471329017652	0.42915255955264403	-0.10080323043286699	MDR	drug_cold	18	Low	13	0.20246547523048802	True	outputs/paper1_data_refresh_20260710/Fig4_similarity_stratified_seed_metrics.tsv
861	526	335	0.610917537746806	0.6186028034731286	0.658914318336383	0.12335888981380838	MDR	drug_cold	19	High	3	0.7747454858216287	True	outputs/paper1_data_refresh_20260710/Fig4_similarity_stratified_seed_metrics.tsv
879	590	289	0.6712172923777019	0.5927922116004927	0.7563369839266945	0.2588934563029912	MDR	drug_cold	19	Medium	3	0.5735901186413133	True	outputs/paper1_data_refresh_20260710/Fig4_similarity_stratified_seed_metrics.tsv
1254	381	873	0.3038277511961722	0.4893073932768713	0.28985232778851033	-0.02007466317664148	MDR	drug_cold	19	Low	8	0.2333352878264825	True	outputs/paper1_data_refresh_20260710/Fig4_similarity_stratified_seed_metrics.tsv
197	123	74	0.6243654822335025	0.7212700505383433	0.8176708691993518	0.5146102869225988	MDR	drug_cold	20	High	1	0.8305084745762716	True	outputs/paper1_data_refresh_20260710/Fig4_similarity_stratified_seed_metrics.tsv
953	490	463	0.5141657922350472	0.48098911270771805	0.5285434623137852	0.02959377880137654	MDR	drug_cold	20	Medium	6	0.5469329632152381	True	outputs/paper1_data_refresh_20260710/Fig4_similarity_stratified_seed_metrics.tsv
1464	694	770	0.47404371584699456	0.3500860810659081	0.3844487530738926	-0.17034678636340428	MDR	drug_cold	20	Low	9	0.13953070056254224	True	outputs/paper1_data_refresh_20260710/Fig4_similarity_stratified_seed_metrics.tsv
736	484	252	0.657608695652174	0.861037321264594	0.9092574832237266	0.7349742367169156	MDR	drug_cold	21	High	3	0.9153985507246377	True	outputs/paper1_data_refresh_20260710/Fig4_similarity_stratified_seed_metrics.tsv
639	301	338	0.47104851330203446	0.3946263932847117	0.4127828788155736	-0.11015307821552812	MDR	drug_cold	21	Medium	4	0.5035538782218184	True	outputs/paper1_data_refresh_20260710/Fig4_similarity_stratified_seed_metrics.tsv
1549	677	872	0.4370561652679148	0.6177059477186183	0.5096109350108899	0.12888456230718864	MDR	drug_cold	21	Low	10	0.25518100879960365	True	outputs/paper1_data_refresh_20260710/Fig4_similarity_stratified_seed_metrics.tsv
400	265	135	0.6625	0.6008665269042628	0.7642970060718459	0.3016207587313954	MDR	drug_cold	22	High	3	0.7986333675740457	True	outputs/paper1_data_refresh_20260710/Fig4_similarity_stratified_seed_metrics.tsv
608	227	381	0.37335526315789475	0.5352133846705286	0.4377742583387665	0.10279986632538061	MDR	drug_cold	22	Medium	10	0.5134194563987072	True	outputs/paper1_data_refresh_20260710/Fig4_similarity_stratified_seed_metrics.tsv
1382	703	679	0.5086830680173662	0.4458024414616927	0.4498377875436828	-0.11977051195085482	MDR	drug_cold	22	Low	17	0.2563691552467626	True	outputs/paper1_data_refresh_20260710/Fig4_similarity_stratified_seed_metrics.tsv
804	638	166	0.7935323383084577	0.647665898704536	0.8612753017814485	0.32810447368846146	MDR	drug_cold	23	High	5	0.7923302571802946	True	outputs/paper1_data_refresh_20260710/Fig4_similarity_stratified_seed_metrics.tsv
272	84	188	0.3088235294117647	0.7621580547112462	0.57878094999017	0.39057669360279923	MDR	drug_cold	23	Medium	5	0.6038233348895115	True	outputs/paper1_data_refresh_20260710/Fig4_similarity_stratified_seed_metrics.tsv
1366	499	867	0.36530014641288433	0.5053174399548809	0.3785659013798235	0.020900831931763425	MDR	drug_cold	23	Low	22	0.2057565933506351	True	outputs/paper1_data_refresh_20260710/Fig4_similarity_stratified_seed_metrics.tsv
657	489	168	0.7442922374429224	0.5311130587204207	0.7318017719227717	-0.04884664194487487	MDR	drug_cold	24	High	3	0.9340855931320582	True	outputs/paper1_data_refresh_20260710/Fig4_similarity_stratified_seed_metrics.tsv
269	86	183	0.31970260223048325	0.8063286313381625	0.6561446727826734	0.494551458899121	MDR	drug_cold	24	Medium	3	0.587564093612862	True	outputs/paper1_data_refresh_20260710/Fig4_similarity_stratified_seed_metrics.tsv
1272	524	748	0.4119496855345912	0.5185686002367637	0.3965956835450253	-0.026110014078513197	MDR	drug_cold	24	Low	13	0.22913827115508043	True	outputs/paper1_data_refresh_20260710/Fig4_similarity_stratified_seed_metrics.tsv
618	547	71	0.8851132686084142	0.7740814172052424	0.9612494373382782	0.66270637007121	MDS	drug_cold	0	High	3	0.9515042130946659	True	outputs/paper1_data_refresh_20260710/Fig4_similarity_stratified_seed_metrics.tsv
198	35	163	0.17676767676767677	0.6476774758983348	0.2886208015075494	0.13587066686193114	MDS	drug_cold	0	Medium	6	0.5667510848371304	True	outputs/paper1_data_refresh_20260710/Fig4_similarity_stratified_seed_metrics.tsv
1214	433	781	0.35667215815486	0.6841173009081151	0.5236096954212787	0.25949061490580316	MDS	drug_cold	0	Low	26	0.21191363681062014	True	outputs/paper1_data_refresh_20260710/Fig4_similarity_stratified_seed_metrics.tsv
325	58	267	0.17846153846153845	0.753261009944466	0.4311758315922827	0.307611030964389	MDS	drug_cold	1	High	6	0.8202138865949288	True	outputs/paper1_data_refresh_20260710/Fig4_similarity_stratified_seed_metrics.tsv
423	94	329	0.2222222222222222	0.5615339843497381	0.24666438092273635	0.03142563261494675	MDS	drug_cold	1	Medium	7	0.5363612273149726	True	outputs/paper1_data_refresh_20260710/Fig4_similarity_stratified_seed_metrics.tsv
2226	1335	891	0.5997304582210242	0.7422186912823617	0.7785505586672685	0.4467492071754655	MDS	drug_cold	1	Low	21	0.18154244982696233	True	outputs/paper1_data_refresh_20260710/Fig4_similarity_stratified_seed_metrics.tsv
611	362	249	0.5924713584288053	0.7667243559874858	0.7467645580361414	0.3786070078718168	MDS	drug_cold	2	High	5	0.7944468937021584	True	outputs/paper1_data_refresh_20260710/Fig4_similarity_stratified_seed_metrics.tsv
378	93	285	0.24603174603174602	0.4072061875117902	0.21286597136087648	-0.04398829061610065	MDS	drug_cold	2	Medium	5	0.5151205865260152	True	outputs/paper1_data_refresh_20260710/Fig4_similarity_stratified_seed_metrics.tsv
1189	634	555	0.5332211942809083	0.8996333873305482	0.883948704446609	0.7513783956522849	MDS	drug_cold	2	Low	12	0.1339572391111756	True	outputs/paper1_data_refresh_20260710/Fig4_similarity_stratified_seed_metrics.tsv
826	640	186	0.774818401937046	0.575882056451613	0.7894329707881023	0.0649012573708198	MDS	drug_cold	3	High	7	0.9113392061308615	True	outputs/paper1_data_refresh_20260710/Fig4_similarity_stratified_seed_metrics.tsv
271	67	204	0.24723247232472326	0.507243195785777	0.27691236709138256	0.03942770334198368	MDS	drug_cold	3	Medium	7	0.55479275224483	True	outputs/paper1_data_refresh_20260710/Fig4_similarity_stratified_seed_metrics.tsv
1127	405	722	0.3593611357586513	0.5892479737355083	0.4452140494916541	0.1340114041233991	MDS	drug_cold	3	Low	25	0.2250657743597506	True	outputs/paper1_data_refresh_20260710/Fig4_similarity_stratified_seed_metrics.tsv
125	33	92	0.264	0.8270750988142292	0.6036006366005312	0.46141390842463476	MDS	drug_cold	4	High	3	0.8415926746418547	True	outputs/paper1_data_refresh_20260710/Fig4_similarity_stratified_seed_metrics.tsv
613	234	379	0.3817292006525285	0.7200460050064272	0.6538988116413891	0.44021100669174545	MDS	drug_cold	4	Medium	13	0.5855999592115807	True	outputs/paper1_data_refresh_20260710/Fig4_similarity_stratified_seed_metrics.tsv
1700	952	748	0.56	0.6887385970430953	0.6392259968317201	0.18005908370845466	MDS	drug_cold	4	Low	26	0.18139433538490374	True	outputs/paper1_data_refresh_20260710/Fig4_similarity_stratified_seed_metrics.tsv
291	187	104	0.6426116838487973	0.6338440970793912	0.744694034328188	0.28563426912983375	MDS	drug_cold	5	High	4	0.8284320667665679	True	outputs/paper1_data_refresh_20260710/Fig4_similarity_stratified_seed_metrics.tsv
254	70	184	0.2755905511811024	0.7205745341614906	0.4410185119630923	0.22836251107948605	MDS	drug_cold	5	Medium	7	0.5121372315744112	True	outputs/paper1_data_refresh_20260710/Fig4_similarity_stratified_seed_metrics.tsv
1521	776	745	0.5101906640368179	0.7103577112018267	0.7126346224978937	0.41331175948898824	MDS	drug_cold	5	Low	26	0.19712708096343562	True	outputs/paper1_data_refresh_20260710/Fig4_similarity_stratified_seed_metrics.tsv
989	777	212	0.7856420626895855	0.8478485223768242	0.9423651143347945	0.7311278211184518	MDS	drug_cold	6	High	6	0.873573376404519	True	outputs/paper1_data_refresh_20260710/Fig4_similarity_stratified_seed_metrics.tsv
207	14	193	0.06763285024154589	0.7786824574389342	0.18534059181319823	0.1262461269706323	MDS	drug_cold	6	Medium	5	0.5387089135170976	True	outputs/paper1_data_refresh_20260710/Fig4_similarity_stratified_seed_metrics.tsv
1490	552	938	0.3704697986577181	0.7465892586755662	0.5494571420919199	0.28431891441040574	MDS	drug_cold	6	Low	24	0.2137578224788007	True	outputs/paper1_data_refresh_20260710/Fig4_similarity_stratified_seed_metrics.tsv
659	496	163	0.7526555386949925	0.6294280625371066	0.837172351847573	0.3416968090033778	MDS	drug_cold	7	High	5	0.9206988972845502	True	outputs/paper1_data_refresh_20260710/Fig4_similarity_stratified_seed_metrics.tsv
521	312	209	0.5988483685220729	0.6126088823457245	0.6313762351525924	0.08108621298804153	MDS	drug_cold	7	Medium	6	0.5743622304968052	True	outputs/paper1_data_refresh_20260710/Fig4_similarity_stratified_seed_metrics.tsv
1570	567	1003	0.3611464968152866	0.4528565977552351	0.3772317622985755	0.025178331813323643	MDS	drug_cold	7	Low	30	0.21253420790887578	True	outputs/paper1_data_refresh_20260710/Fig4_similarity_stratified_seed_metrics.tsv
797	561	236	0.7038895859473023	0.7001797637390857	0.7683720087129815	0.21776479213663683	MDS	drug_cold	8	High	5	0.9185488443669204	True	outputs/paper1_data_refresh_20260710/Fig4_similarity_stratified_seed_metrics.tsv
459	173	286	0.3769063180827887	0.5454343344516754	0.41452289943106263	0.06037066726873337	MDS	drug_cold	8	Medium	6	0.47908172630714096	True	outputs/paper1_data_refresh_20260710/Fig4_similarity_stratified_seed_metrics.tsv
1036	412	624	0.39768339768339767	0.680412932536719	0.5377635067639037	0.23256889905032735	MDS	drug_cold	8	Low	12	0.24199036388251968	True	outputs/paper1_data_refresh_20260710/Fig4_similarity_stratified_seed_metrics.tsv
1171	904	267	0.7719897523484202	0.6601703622684034	0.8734763329199291	0.4450965762143707	MDS	drug_cold	9	High	6	0.8715157919627516	True	outputs/paper1_data_refresh_20260710/Fig4_similarity_stratified_seed_metrics.tsv
437	160	277	0.36613272311212813	0.9203519855595668	0.8334050487397188	0.7371769180478596	MDS	drug_cold	9	Medium	6	0.5162027345170135	True	outputs/paper1_data_refresh_20260710/Fig4_similarity_stratified_seed_metrics.tsv
722	101	621	0.13988919667590027	0.7049473063248355	0.31137709652452383	0.19937884652287635	MDS	drug_cold	9	Low	12	0.23352814263793015	True	outputs/paper1_data_refresh_20260710/Fig4_similarity_stratified_seed_metrics.tsv
917	606	311	0.6608505997818975	0.7364511370751223	0.784000059349576	0.36311271518829946	MDS	drug_cold	10	High	10	0.7943915150089146	True	outputs/paper1_data_refresh_20260710/Fig4_similarity_stratified_seed_metrics.tsv
312	37	275	0.11858974358974358	0.649041769041769	0.36423653968457415	0.2786974559330441	MDS	drug_cold	10	Medium	8	0.5485713743404266	True	outputs/paper1_data_refresh_20260710/Fig4_similarity_stratified_seed_metrics.tsv
1055	499	556	0.4729857819905213	0.5785672063551563	0.5674049155897999	0.17915860781877496	MDS	drug_cold	10	Low	18	0.21427577761004382	True	outputs/paper1_data_refresh_20260710/Fig4_similarity_stratified_seed_metrics.tsv
503	411	92	0.8170974155069582	0.7535438485136994	0.9306504063171056	0.6208386345380883	MDS	drug_cold	11	High	3	0.9691247189983586	True	outputs/paper1_data_refresh_20260710/Fig4_similarity_stratified_seed_metrics.tsv
484	124	360	0.256198347107438	0.5162858422939068	0.312884446142355	0.07621131092472175	MDS	drug_cold	11	Medium	10	0.49496036357734385	True	outputs/paper1_data_refresh_20260710/Fig4_similarity_stratified_seed_metrics.tsv
1305	611	694	0.4681992337164751	0.6163798185994519	0.6176379765687132	0.28100512885039014	MDS	drug_cold	11	Low	21	0.23407025971823958	True	outputs/paper1_data_refresh_20260710/Fig4_similarity_stratified_seed_metrics.tsv
434	354	80	0.815668202764977	0.8330155367231639	0.9452078837865571	0.7027527695420721	MDS	drug_cold	12	High	2	0.7646777185947693	True	outputs/paper1_data_refresh_20260710/Fig4_similarity_stratified_seed_metrics.tsv
350	30	320	0.08571428571428572	0.6794791666666666	0.18433861718968336	0.10787036255121618	MDS	drug_cold	12	Medium	6	0.5548079539508112	True	outputs/paper1_data_refresh_20260710/Fig4_similarity_stratified_seed_metrics.tsv
1348	682	666	0.5059347181008902	0.6806755435787695	0.6030912385343508	0.19664713144790516	MDS	drug_cold	12	Low	14	0.21200702191579604	True	outputs/paper1_data_refresh_20260710/Fig4_similarity_stratified_seed_metrics.tsv
615	442	173	0.71869918699187	0.6494781994611984	0.8135597716674181	0.33722115361538796	MDS	drug_cold	13	High	2	0.9409507068043654	True	outputs/paper1_data_refresh_20260710/Fig4_similarity_stratified_seed_metrics.tsv
201	7	194	0.03482587064676617	0.6855670103092784	0.07766756007237194	0.044387523580137936	MDS	drug_cold	13	Medium	2	0.5926191894545859	True	outputs/paper1_data_refresh_20260710/Fig4_similarity_stratified_seed_metrics.tsv
1464	691	773	0.4719945355191257	0.7219620962925659	0.5942658190832929	0.23157200405943187	MDS	drug_cold	13	Low	8	0.15265233578211276	True	outputs/paper1_data_refresh_20260710/Fig4_similarity_stratified_seed_metrics.tsv
350	180	170	0.5142857142857142	0.4402614379084967	0.4397398753736076	-0.15347672717198424	MDS	drug_cold	14	High	6	0.8367250863534049	True	outputs/paper1_data_refresh_20260710/Fig4_similarity_stratified_seed_metrics.tsv
558	328	230	0.5878136200716846	0.8516569459172854	0.8714849942768887	0.6882114208978432	MDS	drug_cold	14	Medium	7	0.540562013756673	True	outputs/paper1_data_refresh_20260710/Fig4_similarity_stratified_seed_metrics.tsv
1252	572	680	0.45686900958466453	0.5210792883587001	0.4620564017739497	0.009550904442625024	MDS	drug_cold	14	Low	24	0.23470424514585234	True	outputs/paper1_data_refresh_20260710/Fig4_similarity_stratified_seed_metrics.tsv
893	359	534	0.40201567749160133	0.7630903571093237	0.6189266914398337	0.3627369577823436	MDS	drug_cold	15	High	4	0.8442278884326491	True	outputs/paper1_data_refresh_20260710/Fig4_similarity_stratified_seed_metrics.tsv
576	322	254	0.5590277777777778	0.718320536019954	0.7557511252524851	0.44611278797413945	MDS	drug_cold	15	Medium	2	0.5491712415540541	True	outputs/paper1_data_refresh_20260710/Fig4_similarity_stratified_seed_metrics.tsv
651	379	272	0.5821812596006144	0.614562315691448	0.6961638399561881	0.27280389636572977	MDS	drug_cold	15	Low	2	0.31663445815370894	True	outputs/paper1_data_refresh_20260710/Fig4_similarity_stratified_seed_metrics.tsv
453	355	98	0.7836644591611479	0.44567404426559354	0.7528883128331352	-0.1422611661896915	MDS	drug_cold	16	High	2	0.7658408960837216	True	outputs/paper1_data_refresh_20260710/Fig4_similarity_stratified_seed_metrics.tsv
72	11	61	0.1527777777777778	0.7645305514157973	0.5867120899009597	0.512184761850313	MDS	drug_cold	16	Medium	1	0.6444444444444445	True	outputs/paper1_data_refresh_20260710/Fig4_similarity_stratified_seed_metrics.tsv
1563	678	885	0.43378119001919385	0.5497925103744813	0.4362740587171878	0.004402659632728249	MDS	drug_cold	16	Low	15	0.24614546678799212	True	outputs/paper1_data_refresh_20260710/Fig4_similarity_stratified_seed_metrics.tsv
249	150	99	0.6024096385542169	0.6745454545454544	0.7150702668087948	0.28335854985242326	MDS	drug_cold	17	High	3	0.8426338171402785	True	outputs/paper1_data_refresh_20260710/Fig4_similarity_stratified_seed_metrics.tsv
278	100	178	0.3597122302158273	0.5679213483146067	0.3887368042308853	0.04533051447295572	MDS	drug_cold	17	Medium	7	0.5177607493836863	True	outputs/paper1_data_refresh_20260710/Fig4_similarity_stratified_seed_metrics.tsv
1525	776	749	0.5088524590163934	0.6211649897457778	0.5974773356707601	0.18044450854193483	MDS	drug_cold	17	Low	26	0.22028093297940546	True	outputs/paper1_data_refresh_20260710/Fig4_similarity_stratified_seed_metrics.tsv
189	35	154	0.18518518518518517	0.8250463821892394	0.5453373847662383	0.4420049722131106	MDS	drug_cold	18	High	5	0.8606966534284829	True	outputs/paper1_data_refresh_20260710/Fig4_similarity_stratified_seed_metrics.tsv
797	539	258	0.6762860727728983	0.828946800707598	0.9001225226939613	0.6914637619654542	MDS	drug_cold	18	Medium	8	0.580844208635952	True	outputs/paper1_data_refresh_20260710/Fig4_similarity_stratified_seed_metrics.tsv
1092	465	627	0.4258241758241758	0.6548129855430366	0.5497356257716872	0.21580750134399118	MDS	drug_cold	18	Low	20	0.23202743882911256	True	outputs/paper1_data_refresh_20260710/Fig4_similarity_stratified_seed_metrics.tsv
728	548	180	0.7527472527472527	0.6766524736415247	0.8411567250053518	0.35756719891053385	MDS	drug_cold	19	High	3	0.9271318932400425	True	outputs/paper1_data_refresh_20260710/Fig4_similarity_stratified_seed_metrics.tsv
301	20	281	0.0664451827242525	0.7951957295373665	0.22758110084411717	0.1726046667404956	MDS	drug_cold	19	Medium	4	0.5908281313078001	True	outputs/paper1_data_refresh_20260710/Fig4_similarity_stratified_seed_metrics.tsv
1033	463	570	0.4482090997095837	0.46271077261187527	0.43456928123959027	-0.02471917978860218	MDS	drug_cold	19	Low	8	0.2975320165422014	True	outputs/paper1_data_refresh_20260710/Fig4_similarity_stratified_seed_metrics.tsv
182	13	169	0.07142857142857142	0.6408739189804279	0.12932800959463453	0.06235324110191411	MDS	drug_cold	20	High	5	0.8277535985332659	True	outputs/paper1_data_refresh_20260710/Fig4_similarity_stratified_seed_metrics.tsv
362	121	241	0.3342541436464088	0.4876718905387332	0.35701432314153403	0.034187489532096785	MDS	drug_cold	20	Medium	7	0.4736894190257857	True	outputs/paper1_data_refresh_20260710/Fig4_similarity_stratified_seed_metrics.tsv
1532	904	628	0.5900783289817232	0.6728711036581929	0.7428020549724265	0.3725680704104417	MDS	drug_cold	20	Low	17	0.1886560342434095	True	outputs/paper1_data_refresh_20260710/Fig4_similarity_stratified_seed_metrics.tsv
78	9	69	0.11538461538461539	0.8293075684380031	0.4092246460873913	0.3321669912292249	MDS	drug_cold	21	High	2	0.7206559378690528	True	outputs/paper1_data_refresh_20260710/Fig4_similarity_stratified_seed_metrics.tsv
631	378	253	0.5990491283676703	0.6950456950456951	0.7765531230139211	0.4427075913904515	MDS	drug_cold	21	Medium	7	0.5599849267173199	True	outputs/paper1_data_refresh_20260710/Fig4_similarity_stratified_seed_metrics.tsv
1323	629	694	0.47543461829176115	0.6652570522718005	0.6264804195037104	0.28794466138819713	MDS	drug_cold	21	Low	19	0.2074195181170279	True	outputs/paper1_data_refresh_20260710/Fig4_similarity_stratified_seed_metrics.tsv
186	119	67	0.6397849462365591	0.6730214473849241	0.7702723959614484	0.3622487410273044	MDS	drug_cold	22	High	1	0.8305084745762714	True	outputs/paper1_data_refresh_20260710/Fig4_similarity_stratified_seed_metrics.tsv
83	1	82	0.012048192771084338	0.6829268292682926	0.037037037037037035	0.025293586269196023	MDS	drug_cold	22	Medium	1	0.42857142857142855	True	outputs/paper1_data_refresh_20260710/Fig4_similarity_stratified_seed_metrics.tsv
1811	920	891	0.5080066261733849	0.41758466305567754	0.43539525691737435	-0.14758607151810893	MDS	drug_cold	22	Low	11	0.14841345119925997	True	outputs/paper1_data_refresh_20260710/Fig4_similarity_stratified_seed_metrics.tsv
148	18	130	0.12162162162162163	0.5709401709401709	0.13257014242334736	0.01246446983581083	MDS	drug_cold	23	High	4	0.7672767859101247	True	outputs/paper1_data_refresh_20260710/Fig4_similarity_stratified_seed_metrics.tsv
284	86	198	0.3028169014084507	0.5580808080808081	0.31992198162088137	0.024534559496617744	MDS	drug_cold	23	Medium	6	0.5075957875087572	True	outputs/paper1_data_refresh_20260710/Fig4_similarity_stratified_seed_metrics.tsv
2052	1138	914	0.5545808966861598	0.6656155180304039	0.6872578735838729	0.29786997439180224	MDS	drug_cold	23	Low	28	0.17002536896979645	True	outputs/paper1_data_refresh_20260710/Fig4_similarity_stratified_seed_metrics.tsv
531	320	211	0.6026365348399246	0.7511996445497631	0.8187395395560924	0.5438421587880808	MDS	drug_cold	24	High	6	0.8021513831176454	True	outputs/paper1_data_refresh_20260710/Fig4_similarity_stratified_seed_metrics.tsv
171	34	137	0.19883040935672514	0.8057106054100471	0.5814031878058101	0.47751784755323745	MDS	drug_cold	24	Medium	4	0.5172629520682489	True	outputs/paper1_data_refresh_20260710/Fig4_similarity_stratified_seed_metrics.tsv
1342	668	674	0.4977645305514158	0.6406274987117753	0.5828881518693569	0.16948946559150893	MDS	drug_cold	24	Low	20	0.22704612837266225	True	outputs/paper1_data_refresh_20260710/Fig4_similarity_stratified_seed_metrics.tsv
