model_name	task_type	dataset	setting	n_success	AUROC_mean	AUROC_sd	AUPR_mean	AUPR_sd	F1_mean	F1_sd	ECE_mean	ECE_sd	Brier_mean	Brier_sd	NLL_mean	NLL_sd	schema_note	source_root	source_file	upstream_source
ISG-MDA	MDA	MDR	drug_cold	25	0.5355710125789891	0.08157799997391543	0.5491036883701754	0.06689647815017723	0.3309121386894623	0.11807664767380933	0.35534367919761023	0.06689287086969628	0.3921723268946028	0.05370219435048561	2.0524338435400677	0.6456551126365676	after 4-seed rerun audit PASS	formal_runs/isg_clean_fixedfinal_20260706	formal_runs/isg_clean_fixedfinal_20260706/08_final_audit_20260710_after_4seed_rerun/ISG_FORMAL_250_SUMMARY_MEAN_SD.tsv	outputs/paper1_data_refresh_20260710/PAPER1_7MODEL_SUMMARY_MEAN_SD.tsv
ISG-MDA	MDA	MDR	mirna_cold	25	0.9011587618500977	0.008430941225998904	0.8805028842201981	0.012620753757447386	0.8334139979618491	0.010845929017077278	0.06905585766411816	0.011791369202519063	0.12879229420294785	0.007775508400836195	0.4666145008531057	0.03962681269872616	after 4-seed rerun audit PASS	formal_runs/isg_clean_fixedfinal_20260706	formal_runs/isg_clean_fixedfinal_20260706/08_final_audit_20260710_after_4seed_rerun/ISG_FORMAL_250_SUMMARY_MEAN_SD.tsv	outputs/paper1_data_refresh_20260710/PAPER1_7MODEL_SUMMARY_MEAN_SD.tsv
ISG-MDA	MDA	MDR	random	25	0.9145775605522738	0.0078014256594942525	0.8976981530789291	0.01026770483903128	0.8482554990516918	0.009266771684221476	0.06032145805333717	0.011713538651939399	0.11836729607451814	0.007178305281728109	0.41591543556462923	0.030121842780593728	after 4-seed rerun audit PASS	formal_runs/isg_clean_fixedfinal_20260706	formal_runs/isg_clean_fixedfinal_20260706/08_final_audit_20260710_after_4seed_rerun/ISG_FORMAL_250_SUMMARY_MEAN_SD.tsv	outputs/paper1_data_refresh_20260710/PAPER1_7MODEL_SUMMARY_MEAN_SD.tsv
ISG-MDA	MDA	MDR	scaffold_cold	25	0.5816613465055674	0.08160067982599258	0.58394269063465	0.07659758298079374	0.38103383967876153	0.1191434607049055	0.3244665211021641	0.07338832716026163	0.36515702626796104	0.05761355875928913	1.7128598086761238	0.5611398453867875	after 4-seed rerun audit PASS	formal_runs/isg_clean_fixedfinal_20260706	formal_runs/isg_clean_fixedfinal_20260706/08_final_audit_20260710_after_4seed_rerun/ISG_FORMAL_250_SUMMARY_MEAN_SD.tsv	outputs/paper1_data_refresh_20260710/PAPER1_7MODEL_SUMMARY_MEAN_SD.tsv
ISG-MDA	MDA	MDR	strict_cold	25	0.5485739524094339	0.03420847290528536	0.5526359206956784	0.03246767811611457	0.4413002118461332	0.0823821020998935	0.3984290952424594	0.025635497268195192	0.4174830165042229	0.02345995068626048	2.7703834932697595	0.37969837475059715	after 4-seed rerun audit PASS	formal_runs/isg_clean_fixedfinal_20260706	formal_runs/isg_clean_fixedfinal_20260706/08_final_audit_20260710_after_4seed_rerun/ISG_FORMAL_250_SUMMARY_MEAN_SD.tsv	outputs/paper1_data_refresh_20260710/PAPER1_7MODEL_SUMMARY_MEAN_SD.tsv
ISG-MDA	MDA	MDS	drug_cold	25	0.6696461464361079	0.08012367144435151	0.6353500555971031	0.0757050799666875	0.4089818367630309	0.1501332437390508	0.2973259629325698	0.07111918943463044	0.3273909631070393	0.060419023687118385	1.3459366420303647	0.4554921736462799	after 4-seed rerun audit PASS	formal_runs/isg_clean_fixedfinal_20260706	formal_runs/isg_clean_fixedfinal_20260706/08_final_audit_20260710_after_4seed_rerun/ISG_FORMAL_250_SUMMARY_MEAN_SD.tsv	outputs/paper1_data_refresh_20260710/PAPER1_7MODEL_SUMMARY_MEAN_SD.tsv
ISG-MDA	MDA	MDS	mirna_cold	25	0.8996706809152387	0.010415545193126414	0.8806218489601182	0.015394099473741443	0.8394339991193064	0.011115522252139258	0.07093161560922627	0.012358572477332868	0.12715630890262677	0.007355589316923551	0.47903493765108024	0.03279901640183137	after 4-seed rerun audit PASS	formal_runs/isg_clean_fixedfinal_20260706	formal_runs/isg_clean_fixedfinal_20260706/08_final_audit_20260710_after_4seed_rerun/ISG_FORMAL_250_SUMMARY_MEAN_SD.tsv	outputs/paper1_data_refresh_20260710/PAPER1_7MODEL_SUMMARY_MEAN_SD.tsv
ISG-MDA	MDA	MDS	random	25	0.9123404958904082	0.006163526560289118	0.8980190690774792	0.008877875907015286	0.8531690764832076	0.009611298453971776	0.06695604685338102	0.009850329513660305	0.11846393586199466	0.005911033626098938	0.4405246687093788	0.02808309742312794	after 4-seed rerun audit PASS	formal_runs/isg_clean_fixedfinal_20260706	formal_runs/isg_clean_fixedfinal_20260706/08_final_audit_20260710_after_4seed_rerun/ISG_FORMAL_250_SUMMARY_MEAN_SD.tsv	outputs/paper1_data_refresh_20260710/PAPER1_7MODEL_SUMMARY_MEAN_SD.tsv
ISG-MDA	MDA	MDS	scaffold_cold	25	0.5922415296692303	0.08190239664633546	0.5768623052001481	0.07134306912669704	0.35746834996215104	0.13236449189853142	0.328604080913989	0.07389973208650062	0.3660375672947484	0.059901426978443105	1.605304764409274	0.48532278158501035	after 4-seed rerun audit PASS	formal_runs/isg_clean_fixedfinal_20260706	formal_runs/isg_clean_fixedfinal_20260706/08_final_audit_20260710_after_4seed_rerun/ISG_FORMAL_250_SUMMARY_MEAN_SD.tsv	outputs/paper1_data_refresh_20260710/PAPER1_7MODEL_SUMMARY_MEAN_SD.tsv
ISG-MDA	MDA	MDS	strict_cold	25	0.5716993017185932	0.040144855328131314	0.5668909442859466	0.04638808579962256	0.5296085147408267	0.053068639352451825	0.36799264762097744	0.034795955378570366	0.39217662733484737	0.030745639990532977	2.169081107592334	0.3887452680164825	after 4-seed rerun audit PASS	formal_runs/isg_clean_fixedfinal_20260706	formal_runs/isg_clean_fixedfinal_20260706/08_final_audit_20260710_after_4seed_rerun/ISG_FORMAL_250_SUMMARY_MEAN_SD.tsv	outputs/paper1_data_refresh_20260710/PAPER1_7MODEL_SUMMARY_MEAN_SD.tsv
DLST-MDA	MDA	DLST-native	drug_cold	25	0.613706615317761	0.10328327428803935	0.6000924301747114	0.1018368282687981	0.28970374411605476	0.23752363118173123	0.30349014287075404	0.11041013309974221	0.33813836719125484	0.07761239116787394	1.0803982227060915	0.30516103188947585		formal_runs/dlst_native_fixedfinal_fullmetric_20260623	formal_runs/dlst_native_fixedfinal_fullmetric_20260623/06_metrics/DLST_NATIVE_FIXEDFINAL_SUMMARY_MEAN_SD.tsv	outputs/paper1_data_refresh_20260710/PAPER1_7MODEL_SUMMARY_MEAN_SD.tsv
DLST-MDA	MDA	DLST-native	mirna_cold	25	0.9310287998059349	0.006026831403092506	0.916800716457124	0.008183931639663617	0.8669202245230653	0.011373231628821149	0.04357961649850669	0.02500463867186465	0.10278812986088166	0.007304661065938755	0.3417300517688652	0.023125136177888164		formal_runs/dlst_native_fixedfinal_fullmetric_20260623	formal_runs/dlst_native_fixedfinal_fullmetric_20260623/06_metrics/DLST_NATIVE_FIXEDFINAL_SUMMARY_MEAN_SD.tsv	outputs/paper1_data_refresh_20260710/PAPER1_7MODEL_SUMMARY_MEAN_SD.tsv
DLST-MDA	MDA	DLST-native	random	25	0.9316735491541117	0.0027567951922653528	0.9169056080668284	0.0046425981079638075	0.8702570528205709	0.007023535015898452	0.04791537007380289	0.022317696738066634	0.10297882499995024	0.005864293038708331	0.34149712379592195	0.017022954140881733		formal_runs/dlst_native_fixedfinal_fullmetric_20260623	formal_runs/dlst_native_fixedfinal_fullmetric_20260623/06_metrics/DLST_NATIVE_FIXEDFINAL_SUMMARY_MEAN_SD.tsv	outputs/paper1_data_refresh_20260710/PAPER1_7MODEL_SUMMARY_MEAN_SD.tsv
DLST-MDA	MDA	DLST-native	scaffold_cold	25	0.5800497496169061	0.0752846420206355	0.5512535419139356	0.06488382697870809	0.25049106262542276	0.16918609315183827	0.31135593859503424	0.07078577257122454	0.34746447305872225	0.05047848168747537	1.0555654739762244	0.1904380021732427		formal_runs/dlst_native_fixedfinal_fullmetric_20260623	formal_runs/dlst_native_fixedfinal_fullmetric_20260623/06_metrics/DLST_NATIVE_FIXEDFINAL_SUMMARY_MEAN_SD.tsv	outputs/paper1_data_refresh_20260710/PAPER1_7MODEL_SUMMARY_MEAN_SD.tsv
DLST-MDA	MDA	DLST-native	strict_cold	25	0.5857500262767651	0.09272209162329408	0.5633914160641347	0.07460650247215732	0.29836650229424566	0.1847166825461638	0.3012506868769656	0.08277651978851197	0.34016178155446875	0.057495565960007204	1.0506763856624155	0.22271535839525985		formal_runs/dlst_native_fixedfinal_fullmetric_20260623	formal_runs/dlst_native_fixedfinal_fullmetric_20260623/06_metrics/DLST_NATIVE_FIXEDFINAL_SUMMARY_MEAN_SD.tsv	outputs/paper1_data_refresh_20260710/PAPER1_7MODEL_SUMMARY_MEAN_SD.tsv
MPHGNN	MDA	native	random	25	0.949376258514875	0.0017289836699364042	0.9475615507166145	0.002108346751678989	0.8784163108512515	0.00823690490113315	0.03391746156500256	0.015635599343212285	0.08985210491602101	0.003518472303091226	0.29625522419679623	0.012191635861025021	loss unavailable; not imputed; AUC column mapped to AUROC	formal_runs/native_mda_audit_20260601/MPHGNN_STRICT_FORMAL_GUARD_20260614	formal_runs/native_mda_audit_20260601/MPHGNN_STRICT_FORMAL_GUARD_20260614/table_exports/MPHGNN_ADAPTED_FIXEDTEST_E10_FULL25_summary_mean_sd.tsv	outputs/paper1_data_refresh_20260710/PAPER1_7MODEL_SUMMARY_MEAN_SD.tsv
MPHGNN	MDA	native	mirna_cold	25	0.9230501543209877	0.0021249005161367894	0.9271747725156381	0.0017403602792290217	0.16989240958610075	0.1485794256658641	0.40705541908472215	0.04059189698726389	0.36168449973612854	0.048986762491264664	1.3919282514247227	0.23533446631684843	loss unavailable; not imputed; AUC column mapped to AUROC	formal_runs/native_mda_audit_20260601/MPHGNN_STRICT_FORMAL_GUARD_20260614	formal_runs/native_mda_audit_20260601/MPHGNN_STRICT_FORMAL_GUARD_20260614/table_exports/MPHGNN_ADAPTED_FIXEDTEST_E10_FULL25_summary_mean_sd.tsv	outputs/paper1_data_refresh_20260710/PAPER1_7MODEL_SUMMARY_MEAN_SD.tsv
MPHGNN	MDA	native	drug_cold	25	0.6766162633639341	0.023228343441302635	0.6689492295384362	0.018029983939649198	0.08762389507425553	0.024886649352390742	0.4267773796703465	0.014167490989999561	0.41898594700061864	0.014692290477511699	1.707375991120495	0.1441260359243619	loss unavailable; not imputed; AUC column mapped to AUROC	formal_runs/native_mda_audit_20260601/MPHGNN_STRICT_FORMAL_GUARD_20260614	formal_runs/native_mda_audit_20260601/MPHGNN_STRICT_FORMAL_GUARD_20260614/table_exports/MPHGNN_ADAPTED_FIXEDTEST_E10_FULL25_summary_mean_sd.tsv	outputs/paper1_data_refresh_20260710/PAPER1_7MODEL_SUMMARY_MEAN_SD.tsv
MPHGNN	MDA	native	strict_cold	25	0.2636488568327439	0.052407875589789744	0.36501560173156383	0.016982589291560456	0.0	0.0	0.49938035591730473	0.00016942202284310557	0.4994947354979908	0.0001607612232797081	3.862451921264385	0.20443240421652933	loss unavailable; not imputed; AUC column mapped to AUROC	formal_runs/native_mda_audit_20260601/MPHGNN_STRICT_FORMAL_GUARD_20260614	formal_runs/native_mda_audit_20260601/MPHGNN_STRICT_FORMAL_GUARD_20260614/table_exports/MPHGNN_ADAPTED_FIXEDTEST_E10_FULL25_summary_mean_sd.tsv	outputs/paper1_data_refresh_20260710/PAPER1_7MODEL_SUMMARY_MEAN_SD.tsv
MPHGNN	MDA	native	scaffold_cold	25	0.7622186666666666	0.01173760223571947	0.7343870676914864	0.01516829886849236	0.11042152202385262	0.023787245596098912	0.42444232397436343	0.015983248128023864	0.4103267706361564	0.01721438577955274	1.5126127111647323	0.13130977588338263	loss unavailable; not imputed; AUC column mapped to AUROC	formal_runs/native_mda_audit_20260601/MPHGNN_STRICT_FORMAL_GUARD_20260614	formal_runs/native_mda_audit_20260601/MPHGNN_STRICT_FORMAL_GUARD_20260614/table_exports/MPHGNN_ADAPTED_FIXEDTEST_E10_FULL25_summary_mean_sd.tsv	outputs/paper1_data_refresh_20260710/PAPER1_7MODEL_SUMMARY_MEAN_SD.tsv
MGCNA	MDA	native	random	25	0.8658246557002778	0.02217341721698533	0.8788928806627975	0.01521802832164387	0.7718456504607244	0.016877801488796338	0.1533378371053572	0.013775262764658484	0.17480457512434358	0.012812668992232485	0.9659950783011843	0.12548089967592274		formal_runs/mgcna_corrected_fast_full125_fixedfinal_20260629	formal_runs/mgcna_corrected_fast_full125_fixedfinal_20260629/audit/MGCNA_CORRECTED_FAST_FINAL125_SUMMARY_MEAN_SD.tsv	outputs/paper1_data_refresh_20260710/PAPER1_7MODEL_SUMMARY_MEAN_SD.tsv
MGCNA	MDA	native	mirna_cold	25	0.7888703348483044	0.041237547708876755	0.7718111524290251	0.040425032820259874	0.22589775429074016	0.14803438796121404	0.38864925534909417	0.044299716873910856	0.3701079969848454	0.046582393501306	1.6774700653596077	0.34210868709713227		formal_runs/mgcna_corrected_fast_full125_fixedfinal_20260629	formal_runs/mgcna_corrected_fast_full125_fixedfinal_20260629/audit/MGCNA_CORRECTED_FAST_FINAL125_SUMMARY_MEAN_SD.tsv	outputs/paper1_data_refresh_20260710/PAPER1_7MODEL_SUMMARY_MEAN_SD.tsv
MGCNA	MDA	native	drug_cold	25	0.5641530369768538	0.0656433218225346	0.5638771258063552	0.051323848695322874	0.1405259917207747	0.07064516288724945	0.41862616398858615	0.024279525613602283	0.4303515970186097	0.022005715835608442	2.7802536139963734	0.45153757365944724		formal_runs/mgcna_corrected_fast_full125_fixedfinal_20260629	formal_runs/mgcna_corrected_fast_full125_fixedfinal_20260629/audit/MGCNA_CORRECTED_FAST_FINAL125_SUMMARY_MEAN_SD.tsv	outputs/paper1_data_refresh_20260710/PAPER1_7MODEL_SUMMARY_MEAN_SD.tsv
MGCNA	MDA	native	strict_cold	25	0.5005164229677725	0.13989231124398066	0.5331662269634232	0.11912275778385228	0.0	0.0	0.49635194707669106	0.00548981247498846	0.4960989731292492	0.006463352104219293	3.5723631546740906	0.642027632181952		formal_runs/mgcna_corrected_fast_full125_fixedfinal_20260629	formal_runs/mgcna_corrected_fast_full125_fixedfinal_20260629/audit/MGCNA_CORRECTED_FAST_FINAL125_SUMMARY_MEAN_SD.tsv	outputs/paper1_data_refresh_20260710/PAPER1_7MODEL_SUMMARY_MEAN_SD.tsv
MGCNA	MDA	native	scaffold_cold	25	0.5541363910931572	0.05234342598879932	0.5582117629308067	0.043722086315727084	0.15277055071226672	0.06549326995873532	0.41544817626408365	0.023848572701339887	0.42977438628673076	0.02004312512339903	2.8626000529811444	0.47933213421977827		formal_runs/mgcna_corrected_fast_full125_fixedfinal_20260629	formal_runs/mgcna_corrected_fast_full125_fixedfinal_20260629/audit/MGCNA_CORRECTED_FAST_FINAL125_SUMMARY_MEAN_SD.tsv	outputs/paper1_data_refresh_20260710/PAPER1_7MODEL_SUMMARY_MEAN_SD.tsv
PLMF-MDA	MDA	MDR	drug_cold	25	0.561528741739869	0.07361279211195759	0.5739237968776111	0.06344378406286386	0.3489152895557421	0.11220789394201272	0.3270591341203291	0.0638828083191075	0.3701566184086068	0.04586879689404616	1.484153745637594	0.295906413784345		formal_runs/full_metric_rerun_20260615/plmf_standardized_repair_20260619	outputs/paper1_data_refresh_20260710/PLMF_MDA_REBUILT_FROM_FROZEN_ROOT_SUMMARY_MEAN_SD.tsv	outputs/paper1_data_refresh_20260710/PAPER1_7MODEL_SUMMARY_MEAN_SD.tsv
PLMF-MDA	MDA	MDR	mirna_cold	25	0.9080692021656498	0.006273629816216103	0.8904983504867653	0.009265146837490197	0.8378412528172892	0.009158895768043377	0.048015743597035504	0.011632185906761267	0.12150184900941835	0.005545956765619507	0.4047632798018532	0.02203065251071331		formal_runs/full_metric_rerun_20260615/plmf_standardized_repair_20260619	outputs/paper1_data_refresh_20260710/PLMF_MDA_REBUILT_FROM_FROZEN_ROOT_SUMMARY_MEAN_SD.tsv	outputs/paper1_data_refresh_20260710/PAPER1_7MODEL_SUMMARY_MEAN_SD.tsv
PLMF-MDA	MDA	MDR	random	25	0.9225124794571563	0.005814356168407354	0.9073415500117961	0.007245569518222453	0.8545268295778208	0.008858979390703386	0.03952605100177935	0.012502482271822638	0.11013819657919029	0.005746386680312268	0.36048906429087657	0.017238180797386177		formal_runs/full_metric_rerun_20260615/plmf_standardized_repair_20260619	outputs/paper1_data_refresh_20260710/PLMF_MDA_REBUILT_FROM_FROZEN_ROOT_SUMMARY_MEAN_SD.tsv	outputs/paper1_data_refresh_20260710/PAPER1_7MODEL_SUMMARY_MEAN_SD.tsv
PLMF-MDA	MDA	MDR	scaffold_cold	25	0.5628520228262202	0.09339702182365221	0.5745625121553749	0.08647751627321884	0.3752375114641776	0.13075160923467904	0.31065138911272944	0.08172491300557103	0.3599588737348107	0.06061579435145891	1.4168670038925466	0.4081028316753855		formal_runs/full_metric_rerun_20260615/plmf_standardized_repair_20260619	outputs/paper1_data_refresh_20260710/PLMF_MDA_REBUILT_FROM_FROZEN_ROOT_SUMMARY_MEAN_SD.tsv	outputs/paper1_data_refresh_20260710/PAPER1_7MODEL_SUMMARY_MEAN_SD.tsv
PLMF-MDA	MDA	MDR	strict_cold	25	0.5513538906746825	0.03463952645434107	0.5511139422114514	0.031117026423624017	0.4684106045858203	0.0793793392449338	0.37548068149310493	0.029805703433202876	0.4022642725349905	0.025378907114357974	2.25057084632837	0.3841559767280333		formal_runs/full_metric_rerun_20260615/plmf_standardized_repair_20260619	outputs/paper1_data_refresh_20260710/PLMF_MDA_REBUILT_FROM_FROZEN_ROOT_SUMMARY_MEAN_SD.tsv	outputs/paper1_data_refresh_20260710/PAPER1_7MODEL_SUMMARY_MEAN_SD.tsv
PLMF-MDA	MDA	MDS	drug_cold	25	0.6586577582112598	0.09860626862621276	0.6233015191446912	0.09944496100153633	0.35590225199188924	0.16056908286591495	0.29301039660073014	0.07850189007250855	0.322742424551654	0.0650393829209091	1.0696759209294933	0.28521436863926825		formal_runs/full_metric_rerun_20260615/plmf_standardized_repair_20260619	outputs/paper1_data_refresh_20260710/PLMF_MDA_REBUILT_FROM_FROZEN_ROOT_SUMMARY_MEAN_SD.tsv	outputs/paper1_data_refresh_20260710/PAPER1_7MODEL_SUMMARY_MEAN_SD.tsv
PLMF-MDA	MDA	MDS	mirna_cold	25	0.9084243781237089	0.0071795785243298944	0.8908970146580221	0.009607242374988067	0.8476207863476678	0.009384359654000776	0.04784327157245192	0.01308196998685459	0.1181017453632867	0.005430999393109854	0.398811691137633	0.02055668700776589		formal_runs/full_metric_rerun_20260615/plmf_standardized_repair_20260619	outputs/paper1_data_refresh_20260710/PLMF_MDA_REBUILT_FROM_FROZEN_ROOT_SUMMARY_MEAN_SD.tsv	outputs/paper1_data_refresh_20260710/PAPER1_7MODEL_SUMMARY_MEAN_SD.tsv
PLMF-MDA	MDA	MDS	random	25	0.9216347379615525	0.005760859916018221	0.9095508504558423	0.008765048699033643	0.8597682957732463	0.007154992018560196	0.04010689404581731	0.012585750069431306	0.1090645645289524	0.00543384144477589	0.36422480964434106	0.017722084063434333		formal_runs/full_metric_rerun_20260615/plmf_standardized_repair_20260619	outputs/paper1_data_refresh_20260710/PLMF_MDA_REBUILT_FROM_FROZEN_ROOT_SUMMARY_MEAN_SD.tsv	outputs/paper1_data_refresh_20260710/PAPER1_7MODEL_SUMMARY_MEAN_SD.tsv
PLMF-MDA	MDA	MDS	scaffold_cold	25	0.6044852559235793	0.08799222780276157	0.5734199697806556	0.07459868357601476	0.3181273863070631	0.1368653006938543	0.30902334157263955	0.08060266293355936	0.34453795278548843	0.06387061457502945	1.1640313356052712	0.31737215540093244		formal_runs/full_metric_rerun_20260615/plmf_standardized_repair_20260619	outputs/paper1_data_refresh_20260710/PLMF_MDA_REBUILT_FROM_FROZEN_ROOT_SUMMARY_MEAN_SD.tsv	outputs/paper1_data_refresh_20260710/PAPER1_7MODEL_SUMMARY_MEAN_SD.tsv
PLMF-MDA	MDA	MDS	strict_cold	25	0.577709322459263	0.03747395004749999	0.572266725051166	0.03625617712420526	0.5257583920136302	0.06256015976208458	0.3295811669606374	0.03159294961862151	0.3664937304851233	0.026015837105241572	1.5715591159292177	0.17205317793019043		formal_runs/full_metric_rerun_20260615/plmf_standardized_repair_20260619	outputs/paper1_data_refresh_20260710/PLMF_MDA_REBUILT_FROM_FROZEN_ROOT_SUMMARY_MEAN_SD.tsv	outputs/paper1_data_refresh_20260710/PAPER1_7MODEL_SUMMARY_MEAN_SD.tsv
